x0,x1,x2,x3,x4,x5,x6,x7,x8,x9,x10,x11,x12,x13,x14,x15,x16,x17,x18,x19,x20,x21,x22,x23,value,Timestamp
0,0,0,0,0,0,0,0,0,0,0,0,0,0,0,0,0,0,0,0,0,0,0,0,-0.5816669689637272,163
0,2,3,0,3,2,0,0,0,3,0,3,1,2,1,0,0,3,2,1,2,2,1,2,-0.46477391904580434,181
3,3,2,3,3,0,3,0,2,3,2,1,1,0,3,3,0,2,1,0,2,3,0,1,-0.3276081896748093,199
1,2,3,0,1,3,1,2,1,1,1,3,3,3,2,0,0,3,3,3,1,0,0,3,-0.35854487413724373,219
0,3,2,3,3,1,0,3,1,0,2,3,1,0,0,0,3,0,3,2,2,1,3,3,-0.27841054380344177,236
0,2,3,1,0,0,3,2,2,2,1,0,0,0,2,3,2,3,0,0,2,2,0,0,-0.46477391904580434,250
2,3,1,0,1,1,1,2,2,2,1,2,1,3,1,2,2,1,0,0,0,0,3,2,-0.3458691510837426,267
3,3,0,0,2,3,1,3,2,2,0,0,2,0,3,3,3,3,1,0,2,0,2,3,-0.4842088145571889,284
2,2,2,0,2,3,2,1,1,2,0,1,0,3,0,1,2,0,1,0,3,0,3,2,-0.43383723458337003,300
0,1,0,1,3,3,3,3,1,0,2,3,1,0,1,0,1,3,1,1,0,1,1,0,-0.1643405029391659,315
1,3,1,0,0,2,2,3,2,0,2,2,0,3,3,3,1,0,2,2,3,3,0,0,-0.1643405029391659,332
2,0,3,0,0,1,1,3,3,1,0,2,2,0,1,1,1,0,2,2,1,0,0,1,-0.4579711102459002,348
0,2,0,0,1,3,2,2,1,1,3,3,2,0,3,0,2,1,0,2,2,0,3,0,-0.37680583554617686,364
0,1,3,0,3,1,1,1,1,2,2,2,0,2,3,0,0,0,0,2,1,1,0,1,-0.3276081896748093,380
0,0,1,0,0,1,3,2,0,3,1,1,3,3,0,3,2,2,2,1,2,0,3,2,-0.1904424603038143,396
2,3,3,1,1,2,3,3,0,0,1,0,2,2,3,3,0,2,2,3,2,3,3,1,-0.1904424603038143,414
1,2,2,2,0,2,2,3,1,3,0,3,0,2,2,0,0,2,0,3,3,3,1,1,-0.6474765012928321,433
2,3,3,3,1,0,1,3,1,3,1,2,0,2,3,0,0,3,3,1,3,0,1,0,-0.19724526910371842,451
2,1,1,2,2,0,2,0,3,3,0,1,1,0,1,0,2,3,0,0,0,3,2,2,-0.43383723458337,467
0,1,2,0,0,1,2,3,3,1,2,1,2,1,1,0,0,3,1,2,2,1,0,1,-0.3276081896748093,483
2,1,1,2,3,0,0,1,0,0,3,1,2,1,1,3,1,2,0,2,0,0,0,1,-0.19724526910371842,499
1,3,2,2,1,3,0,0,1,1,0,2,2,0,2,1,3,0,0,3,2,2,2,0,-0.3276081896748093,516
3,2,1,2,2,3,0,2,3,1,0,2,2,0,0,1,0,0,3,3,1,1,2,0,-0.4579711102459002,533
0,0,0,2,3,0,2,0,0,1,0,0,3,1,2,1,1,0,0,1,1,0,2,2,-0.12298385302351356,547
0,0,0,3,3,3,3,0,3,3,0,0,1,3,0,0,0,2,2,3,0,2,2,2,-0.19724526910371842,562
3,2,2,2,3,0,0,3,0,0,3,2,0,2,3,2,0,1,0,3,1,1,3,0,-0.37680583554617686,582
3,0,0,2,1,0,0,0,3,0,2,2,1,2,1,1,2,2,1,0,1,1,1,1,-0.19724526910371842,600
1,3,0,3,0,2,2,3,0,1,2,3,3,0,0,1,2,0,3,3,2,2,3,2,-0.4579711102459002,626
2,1,2,0,1,3,1,2,0,3,1,1,1,0,3,2,0,0,1,3,2,0,2,0,-0.37093292129257993,641
0,2,2,1,2,1,3,3,1,1,2,0,0,1,3,0,1,3,3,0,1,3,2,2,-0.22137914476624865,659
2,1,2,2,0,1,3,0,1,2,2,3,0,3,1,1,2,2,3,2,0,1,3,1,-0.3276081896748093,678
1,2,1,2,3,1,0,1,3,3,0,3,3,0,1,1,1,0,0,0,1,1,0,0,-0.3276081896748093,695
1,0,0,1,0,3,2,1,0,3,1,3,1,0,0,0,3,2,2,3,1,0,2,0,-0.3276081896748093,711
0,0,1,3,3,0,0,3,0,3,0,2,3,2,3,1,0,2,0,3,1,1,1,2,-0.46477391904580434,727
1,1,3,2,1,2,1,1,0,2,0,2,3,1,2,3,0,3,1,2,0,0,1,3,-0.46477391904580445,744
1,1,3,2,0,1,1,2,3,2,1,2,3,1,3,2,1,3,1,3,0,2,1,1,-0.1904424603038143,764
0,1,0,2,2,3,2,1,1,1,3,3,3,2,1,2,3,3,0,1,2,0,2,0,-0.19724526910371842,783
3,3,3,1,2,2,1,3,2,2,1,1,2,3,0,3,1,3,0,2,3,3,0,3,-0.3276081896748093,799
2,1,2,2,2,0,2,2,3,0,3,2,1,0,2,0,1,3,2,1,0,2,1,3,-0.3276081896748093,816
0,0,0,3,0,3,1,0,0,3,3,0,2,1,0,3,0,2,1,3,3,2,0,3,-0.571002963954365,831
0,3,1,1,1,3,0,1,2,3,1,1,2,1,1,0,1,1,1,3,1,0,0,1,-0.27841054380344177,849
1,0,0,1,3,0,0,3,1,3,3,3,3,1,2,2,2,0,1,0,3,1,1,2,-0.27841054380344177,866
1,2,1,1,0,0,0,0,1,3,0,1,3,0,0,3,1,3,1,3,0,1,1,2,-0.22137914476624865,884
0,1,2,0,2,3,1,2,2,3,3,3,0,0,3,2,2,3,0,1,0,1,1,0,-0.17898430769478513,901
1,2,3,3,0,0,0,0,0,1,2,1,2,0,3,3,1,2,0,1,1,2,2,1,-0.3276081896748093,917
2,1,3,0,0,1,0,3,3,3,2,3,1,2,1,2,2,0,0,0,0,2,0,3,-0.3276081896748093,932
3,1,1,2,1,0,1,1,0,3,2,2,0,2,0,3,0,1,3,0,1,2,1,1,-0.46477391904580445,949
1,3,0,3,0,0,2,3,1,3,3,2,2,1,3,3,3,2,2,2,3,0,1,0,-0.02796892116783789,967
2,1,3,3,2,2,2,0,0,3,2,2,1,1,0,0,2,0,2,0,2,0,1,0,-0.22818195356615273,983
1,2,0,0,1,0,2,0,1,1,1,1,2,3,3,2,2,3,0,3,0,1,2,0,-0.4579711102459002,1000
3,1,1,2,3,2,2,2,3,0,2,0,2,3,0,0,3,0,1,0,1,3,2,1,-0.29667150521237484,1017
0,0,3,0,3,1,0,3,1,2,0,3,3,2,2,0,1,2,0,3,3,1,1,3,-0.43383723458337,1035
1,2,1,1,1,2,2,1,1,0,2,1,0,1,0,0,2,0,2,2,3,2,3,0,-0.3276081896748093,1052
3,3,0,3,2,1,3,0,0,1,0,1,1,3,3,2,1,3,3,3,0,1,3,2,-0.3276081896748093,1069
0,1,0,0,2,3,1,2,3,3,2,0,2,1,0,2,3,0,3,1,1,0,3,0,-0.22137914476624854,1084
0,3,2,1,0,0,0,1,0,1,3,0,1,1,3,2,3,1,0,1,3,1,3,3,-0.027174773568170774,1100
1,3,2,1,2,1,1,1,1,0,2,2,0,0,0,1,1,2,2,2,0,3,3,3,-0.3276081896748093,1118
2,0,0,0,1,2,2,1,2,0,3,1,0,3,2,2,0,2,1,1,2,3,3,0,-0.549081209550097,1135
0,1,2,3,3,1,2,1,0,2,1,1,0,1,1,0,2,2,1,1,2,0,3,3,-0.1904424603038143,1153
0,2,1,3,1,2,1,2,2,2,1,0,0,3,0,3,1,1,3,0,2,3,3,1,-0.22137914476624865,1169
1,0,3,2,3,0,1,0,1,2,1,1,3,3,0,3,1,2,3,1,0,2,2,0,-0.3276081896748093,1185
0,1,0,1,0,0,2,1,2,0,3,2,0,3,0,1,3,3,3,1,2,2,2,1,-0.19724526910371842,1202
3,2,3,3,3,0,1,1,2,0,3,3,2,3,1,2,2,0,1,0,2,2,2,0,-0.35174206533733954,1219
0,1,0,0,0,1,2,2,2,1,1,0,1,2,2,3,2,3,3,3,0,3,3,2,-0.30150623231016094,1235
3,0,2,0,2,3,2,0,1,0,1,2,1,0,0,3,0,0,3,1,3,0,0,2,-0.5322325263261052,1251
1,0,2,1,1,3,3,1,0,1,2,2,2,0,3,3,2,3,2,1,0,1,1,3,-0.19724526910371842,1268
3,2,1,0,0,2,1,1,1,0,3,0,0,0,3,3,0,0,1,0,2,3,2,0,-0.3276081896748093,1285
3,1,1,2,2,3,1,2,0,1,1,1,3,1,1,1,0,3,3,2,0,1,0,3,-0.37680583554617686,1305
0,3,3,2,3,3,1,1,0,1,3,3,2,0,0,1,3,3,3,3,2,3,1,2,-0.3276081896748093,1323
2,2,0,3,2,0,3,1,3,0,0,2,2,3,3,3,2,1,1,1,0,0,3,3,-0.19724526910371842,1342
2,1,2,3,3,1,3,1,1,3,1,2,0,1,1,3,1,1,1,2,3,2,0,2,-0.22137914476624865,1359
3,1,2,0,0,1,0,3,3,0,0,2,0,3,3,1,2,3,1,3,3,1,2,0,-0.3276081896748093,1377
3,1,2,0,2,0,3,3,3,2,3,3,3,3,0,0,3,3,2,1,3,0,0,1,-0.16537869009497685,1394
1,1,2,0,2,1,2,1,0,0,1,2,3,0,2,1,3,1,2,2,3,1,1,3,-0.3276081896748093,1411
2,0,0,0,0,2,2,1,1,0,0,1,3,2,2,2,3,3,0,0,2,0,1,2,-0.46477391904580445,1431
3,3,0,1,1,1,3,2,3,1,3,3,1,3,2,1,1,2,0,1,0,2,3,2,-0.3276081896748093,1450
1,2,3,3,2,0,0,0,3,2,0,3,0,1,3,0,3,2,1,0,2,3,1,1,-0.3276081896748093,1468
2,3,1,2,1,2,3,0,2,2,2,0,0,3,0,2,1,1,3,0,2,1,3,2,-0.27841054380344177,1485
0,2,1,3,2,3,0,2,2,0,1,2,1,3,3,0,3,1,2,3,1,3,3,3,-0.22818195356615278,1502
3,2,2,3,2,1,2,1,1,3,1,2,1,0,0,1,0,0,1,1,1,1,3,2,-0.30451250116809014,1521
3,2,3,2,2,0,2,2,2,0,3,0,1,1,0,3,1,1,0,3,1,3,1,0,-0.3276081896748093,1539
1,2,3,1,3,3,2,3,3,3,2,3,1,2,3,2,1,2,0,3,2,1,0,0,-0.3276081896748093,1558
0,0,0,1,1,0,1,2,0,3,3,0,3,0,0,1,2,1,0,0,2,1,1,1,-0.1904424603038143,1575
3,3,0,3,0,3,3,0,0,0,1,3,2,0,1,1,0,3,3,0,3,2,3,1,-0.3276081896748093,1593
2,2,1,1,3,0,3,0,1,3,0,3,3,3,3,2,0,1,2,3,2,3,1,2,-0.3276081896748093,1611
2,1,1,3,1,1,1,0,2,1,0,1,1,3,2,2,1,0,2,0,2,2,0,2,-0.6280416057814479,1628
0,0,3,2,3,0,0,0,2,1,2,3,0,2,3,0,0,3,1,2,0,1,1,3,-0.3458691510837426,1647
3,3,1,0,3,3,3,1,2,2,0,2,1,3,3,0,2,2,3,2,1,2,0,3,-0.34328293879635013,1665
1,1,0,1,0,0,0,1,2,3,3,3,0,0,3,2,0,1,3,0,3,1,0,1,-0.3276081896748093,1682
1,1,1,3,0,3,0,0,0,1,3,1,0,2,3,0,3,3,0,3,1,0,3,2,-0.3276081896748093,1701
1,0,0,0,0,2,2,1,3,2,1,3,0,2,2,3,1,1,2,1,0,0,2,0,-0.3276081896748093,1718
1,3,1,3,0,0,3,2,2,0,0,0,1,3,2,0,1,2,0,1,3,0,3,1,-0.19724526910371842,1733
0,0,1,3,2,0,1,3,1,3,0,3,2,2,2,0,0,2,0,0,2,0,0,3,-0.27841054380344177,1748
2,1,0,3,3,2,2,3,3,2,1,3,1,2,2,2,2,1,2,0,0,1,0,1,-0.3276081896748093,1766
3,2,1,1,0,3,1,1,2,0,3,2,1,0,1,3,3,0,3,2,0,2,0,3,-0.4250663440813478,1784
2,2,3,2,3,2,1,0,2,3,3,3,0,1,1,2,1,2,0,1,2,1,1,1,-0.3276081896748093,1802
3,0,1,3,0,2,2,3,0,2,1,0,1,2,2,2,2,2,2,2,0,1,2,3,-0.4579711102459002,1819
2,1,2,3,2,0,2,1,1,2,0,1,1,2,1,1,1,2,0,2,1,2,1,1,-0.35854487413724373,1835
1,2,3,2,2,1,2,2,1,0,2,0,2,2,3,2,2,1,2,0,1,3,0,0,-0.19724526910371842,1851
0,1,3,3,0,1,1,2,2,2,3,1,2,0,1,1,1,3,0,1,0,2,0,0,-0.3276081896748093,1868
3,0,1,0,0,2,1,2,3,0,3,0,0,0,3,0,2,0,1,2,3,2,1,1,-0.19044246030381418,1883
1,2,3,1,1,2,0,2,1,2,1,1,2,0,0,2,2,3,3,2,3,3,0,0,-0.19724526910371842,1900
1,3,1,0,2,1,2,3,3,1,0,3,0,3,1,0,2,0,2,1,0,1,3,1,-0.19724526910371842,1917
3,2,0,3,0,2,0,0,2,1,3,0,2,2,2,2,1,3,0,2,3,0,3,0,-0.3276081896748093,1932
0,0,3,1,2,1,3,1,0,2,1,2,0,2,1,2,1,1,0,3,2,1,0,3,-0.3276081896748093,1947
3,1,2,2,1,0,3,3,1,0,0,3,1,1,2,2,2,0,0,2,3,0,3,0,-0.3276081896748093,1964
1,2,2,1,2,2,3,1,1,3,1,1,1,2,1,0,0,3,2,1,2,1,3,3,-0.3276081896748093,1982
3,3,2,1,3,3,1,0,1,2,0,0,2,3,2,0,2,2,3,1,0,0,1,3,-0.04181857832379021,1998
2,0,0,2,1,2,3,2,0,0,3,2,3,2,2,1,2,3,1,3,2,2,1,3,-0.3585448741372437,2014
0,0,2,3,3,3,0,0,3,0,3,0,3,1,0,1,1,0,0,0,0,1,2,1,-0.3276081896748093,2028
0,3,3,1,0,1,3,2,2,1,2,1,2,2,1,2,3,3,3,0,0,1,1,2,-0.27841054380344177,2045
0,0,0,1,3,0,1,3,2,0,1,0,1,0,2,3,1,1,0,3,3,0,1,3,-0.4579711102459002,2060
0,2,1,0,0,2,1,0,0,0,0,1,2,2,3,3,2,0,2,2,0,3,3,3,-0.16630858464128417,2075
1,0,0,0,1,0,2,0,2,2,0,0,1,2,3,3,2,2,0,2,3,1,3,3,0.25298596308539534,2089
1,1,0,2,2,3,0,1,3,2,2,2,2,3,0,0,1,3,2,2,3,1,1,2,-0.3276081896748093,2105
0,1,2,0,0,1,3,0,1,1,0,3,3,0,2,3,3,3,1,2,3,0,2,1,-0.3276081896748093,2123
1,2,0,0,3,3,2,2,0,1,0,2,2,2,0,2,0,1,3,1,3,1,3,1,-0.3276081896748093,2138
2,2,2,2,0,1,3,3,0,2,1,0,1,1,3,3,1,3,0,0,2,2,0,0,-0.43383723458337,2154
0,1,2,2,0,1,0,2,0,2,1,0,3,2,3,3,3,2,2,1,3,0,3,3,-0.37680583554617686,2174
0,3,1,1,1,0,2,1,3,3,0,1,3,0,0,3,2,1,0,2,0,3,3,3,-0.3276009468849198,2190
3,1,2,1,1,1,2,0,1,0,2,3,2,1,2,2,1,0,0,3,0,3,1,1,-0.48303488045473764,2206
1,0,1,0,3,0,2,1,3,3,0,3,2,2,2,2,2,3,3,1,2,0,0,0,-0.3276081896748093,2221
2,1,2,0,3,0,0,3,3,2,0,1,3,0,3,0,1,1,2,0,3,3,2,1,-0.19044246030381418,2238
2,3,3,2,3,0,0,2,3,2,1,0,2,1,3,3,1,0,3,1,0,3,1,0,-0.27841054380344177,2254
3,3,1,2,0,3,2,1,2,0,2,3,0,0,3,0,1,2,0,3,2,0,0,3,-0.37680583554617686,2270
0,0,0,2,1,1,3,2,2,1,3,2,3,2,3,0,0,1,1,1,2,0,0,0,-0.035015769523885965,2285
1,3,1,1,1,2,0,2,0,0,2,2,1,1,0,1,2,0,2,1,2,1,1,2,-0.3276081896748093,2300
1,1,3,1,1,2,3,3,2,1,3,0,1,1,3,2,3,3,0,3,1,0,2,0,-0.19044246030381418,2318
1,1,2,2,2,0,2,1,1,0,2,3,3,1,0,1,1,1,3,1,1,0,3,0,-0.3276081896748093,2336
3,0,0,0,2,2,2,2,3,1,1,0,3,0,2,3,2,3,3,0,1,1,1,1,-0.3276081896748093,2352
2,3,2,0,0,2,1,3,3,1,0,1,3,3,2,1,1,2,3,1,2,3,2,2,-0.3276081896748093,2368
2,2,0,2,2,1,0,1,2,0,2,1,1,3,0,0,0,1,0,1,0,3,2,0,-0.30464824811473024,2382
0,3,2,3,2,1,3,3,1,0,0,1,3,1,2,1,2,1,3,0,0,0,1,0,-0.4579711102459002,2465
3,0,3,0,3,1,2,2,0,2,0,0,0,0,3,2,3,0,3,3,0,3,3,0,-0.19724526910371842,2480
1,3,1,3,1,0,0,2,2,3,2,0,1,2,1,3,0,1,3,0,0,1,0,3,-0.22137914476624865,2496
2,1,0,1,0,1,1,0,1,2,1,2,3,3,2,2,2,0,0,2,2,2,2,2,-0.3276081896748093,2511
2,3,2,0,0,2,2,1,3,3,0,2,0,2,3,3,2,0,3,0,2,3,3,0,-0.3276081896748093,2527
0,1,3,2,2,2,2,0,2,0,1,1,3,0,3,2,2,1,0,2,3,2,2,3,-0.7505635303968236,2544
2,0,2,2,3,3,3,1,1,0,3,0,1,1,0,0,1,0,1,1,3,1,0,0,-0.43383723458337,2560
2,2,2,3,3,0,3,0,0,2,2,1,3,2,0,1,3,2,0,3,1,1,3,1,-0.2155062305126516,2577
1,2,1,1,3,0,2,0,1,3,1,3,3,3,1,2,1,0,1,2,3,3,3,1,-0.4579711102459002,2594
1,2,0,3,2,2,2,3,1,3,1,0,2,3,3,2,0,2,0,0,3,0,3,0,-0.4579711102459002,2609
2,2,2,0,1,0,0,3,3,3,2,1,1,1,1,3,3,2,3,2,0,1,2,0,-0.3276081896748093,2624
3,2,2,2,3,0,0,2,0,2,1,0,1,2,2,3,1,3,3,3,0,1,2,2,-0.5334064604285564,2639
3,3,2,2,1,2,2,0,1,1,2,1,1,3,2,3,3,0,2,1,2,3,1,1,-0.3276081896748093,2655
3,0,0,0,3,2,0,0,1,0,1,3,0,0,0,2,0,3,1,3,1,0,1,3,-0.22818195356615278,2669
2,2,3,1,0,0,1,3,3,3,1,0,0,0,0,3,1,0,0,3,1,2,0,2,-0.1904424603038143,2685
2,2,3,1,3,1,3,0,0,1,3,3,1,3,2,1,0,3,2,3,0,2,3,0,-0.1904424603038143,2702
1,2,2,2,0,3,1,3,3,1,0,3,1,0,1,3,1,2,3,1,3,0,2,0,-0.19724526910371842,2718
2,3,1,0,0,3,2,2,0,2,1,0,2,1,0,3,0,2,1,1,2,1,3,0,-0.1904424603038143,2733
1,1,1,3,0,2,0,1,0,3,2,0,3,0,0,2,3,1,0,3,3,0,2,2,-0.3276081896748093,2748
1,3,3,3,1,1,0,3,0,2,0,1,2,0,3,3,1,1,3,1,3,3,0,2,-0.19724526910371842,2765
1,0,0,3,0,1,1,2,2,1,3,1,0,3,3,2,2,0,2,2,2,0,3,3,-0.3276081896748093,2781
3,0,2,1,1,3,0,1,0,3,1,0,0,2,3,3,3,1,2,1,3,3,1,1,-0.040644644221338955,2796
1,0,3,0,0,1,2,2,0,1,1,1,0,3,0,1,1,1,1,0,3,1,2,1,-0.19724526910371842,2811
1,3,3,3,3,0,2,1,0,2,1,2,2,0,1,2,0,3,3,0,1,2,1,0,-0.3276081896748093,2829
1,3,3,1,1,3,0,3,0,0,1,0,2,1,0,1,1,0,0,0,2,2,2,3,-0.1904424603038143,2844
1,1,0,0,0,0,2,1,3,0,3,1,2,1,3,1,2,0,0,3,0,3,0,3,-0.4338372345833701,2860
0,2,0,2,3,0,1,3,3,3,0,3,3,0,3,3,0,1,1,1,0,3,0,1,-0.4338372345833701,2876
1,3,1,1,2,0,0,3,1,1,2,3,1,0,0,3,0,1,1,2,3,0,1,1,-0.3276081896748093,2892
0,3,3,2,1,1,2,2,1,1,1,1,0,3,2,1,0,0,3,3,1,2,3,2,-0.3276081896748093,2908
0,0,1,1,3,1,2,0,3,2,1,3,3,1,0,3,0,2,3,3,1,1,1,3,-0.43383723458337003,2925
1,1,1,1,0,2,3,3,1,0,1,1,3,1,3,1,1,0,2,2,3,1,0,1,-0.4338372345833701,2941
2,0,0,3,1,1,0,3,3,3,3,3,2,2,2,3,2,3,1,3,2,1,2,3,-0.6772392516528154,2958
3,0,2,0,0,3,2,0,1,3,2,0,3,3,3,3,3,1,3,3,2,3,3,2,-0.43501116868582124,2974
0,2,1,0,2,2,1,1,2,1,0,0,0,0,1,0,0,2,2,0,3,1,0,2,-0.21550623051265172,2988
3,1,0,1,1,0,0,0,0,0,2,3,1,3,1,3,3,2,1,2,2,2,3,3,-0.1643405029391659,3004
3,2,3,3,3,3,0,2,1,3,2,0,3,3,3,1,2,1,0,1,3,3,0,3,-0.3276081896748093,3021
1,0,3,2,0,1,2,3,3,3,1,2,3,2,2,0,2,3,0,0,2,0,0,2,-0.3276081896748093,3037
0,1,0,0,2,3,1,2,1,1,2,2,0,1,0,1,0,1,0,1,1,1,0,0,-0.1643405029391659,3052
2,3,0,1,3,2,3,1,0,3,3,1,3,0,3,1,2,2,3,3,2,1,1,2,-0.7505635303968236,3071
2,3,3,3,1,1,3,0,2,0,1,0,2,1,1,0,0,1,1,3,1,0,2,3,-0.17898430769478513,3088
0,0,0,3,1,0,1,1,0,2,3,3,0,3,1,2,0,0,0,3,1,0,0,0,-0.22818195356615273,3105
2,2,1,3,3,2,3,2,1,1,1,2,1,0,1,1,3,1,1,1,3,0,3,3,-0.5400735222818202,3123
0,0,0,3,3,3,2,1,2,2,3,2,0,3,3,0,3,2,3,2,1,1,3,3,-0.3034743140122791,3138
0,3,1,2,3,1,0,2,3,3,0,0,1,3,0,0,3,1,0,1,3,1,1,3,-0.1643405029391659,3154
2,0,3,3,2,0,1,2,1,1,3,1,0,2,0,2,1,2,0,1,1,2,1,0,-0.37680583554617686,3171
0,1,3,0,1,1,0,3,3,2,3,1,3,0,3,3,3,1,2,1,3,2,3,3,-0.3276081896748093,3188
3,2,0,2,0,1,1,2,1,3,1,0,1,0,2,2,2,1,1,2,3,3,0,1,-0.37680583554617686,3205
1,1,0,0,0,3,1,2,2,0,1,2,2,2,0,0,1,3,2,1,1,2,0,2,-0.3276081896748093,3220
2,0,3,2,2,3,3,1,0,0,1,1,3,1,0,2,2,2,1,2,1,3,0,3,-0.053320367274840075,3236
2,0,2,1,3,0,3,2,0,2,2,3,1,2,3,2,2,2,3,3,0,3,0,1,-0.701365884525456,3253
0,0,3,1,1,3,3,3,0,2,0,3,0,3,2,0,0,0,2,3,0,0,2,0,-0.22818195356615273,3268
3,1,3,1,3,2,3,1,1,1,1,1,1,3,1,3,3,3,1,0,2,0,0,3,-0.27841054380344177,3285
1,2,3,0,2,0,3,2,0,1,1,1,3,1,3,0,1,3,2,1,2,0,0,3,-0.3276081896748093,3301
3,0,2,2,1,0,2,3,2,2,0,3,1,0,0,3,2,3,0,2,0,1,3,3,-0.5334064604285563,3317
2,3,2,1,2,2,3,0,1,0,0,1,3,3,0,3,3,1,0,1,0,1,2,3,-0.19044246030381418,3333
2,1,1,3,1,3,3,1,2,3,3,3,1,0,2,2,1,2,1,1,0,1,0,2,-0.37680583554617686,3349
3,3,1,0,2,1,2,0,2,0,0,1,3,1,0,2,1,3,2,3,0,0,0,3,-0.172181498894881,3364
3,1,2,2,2,2,3,0,3,3,3,2,0,1,3,1,2,1,1,1,3,0,2,2,-0.3276081896748093,3382
1,1,1,3,0,1,3,3,2,2,0,2,0,0,0,1,3,0,3,0,0,0,0,3,-0.4842088145571889,3398
0,1,3,3,0,0,3,3,2,2,0,1,0,1,1,3,0,2,0,1,1,3,3,2,-0.29667150521237495,3414
0,2,1,3,0,1,3,3,3,0,2,3,1,2,3,3,3,2,0,3,1,2,3,3,-0.22137914476624854,3430
3,3,1,1,0,1,1,1,3,3,2,3,3,2,3,1,2,3,1,2,0,0,3,1,0.09064817089605914,3447
3,2,2,1,2,1,2,0,2,3,2,0,3,2,1,3,1,2,2,2,2,0,0,2,-0.3276081896748093,3464
3,0,1,1,2,0,1,0,3,1,2,1,3,0,1,1,2,0,0,1,1,1,0,0,-0.4579711102459002,3479
3,2,0,1,0,3,0,0,3,0,1,1,2,0,1,3,0,3,3,3,3,0,1,2,-0.3276081896748093,3494
1,1,0,3,3,2,2,0,0,3,3,0,2,0,2,1,0,1,3,0,0,0,0,1,-0.3276081896748093,3509
3,3,1,0,2,2,1,2,0,1,0,0,1,1,2,0,1,2,1,0,1,2,2,0,-0.3276081896748093,3525
3,3,2,1,0,3,1,1,1,1,0,2,3,3,1,3,0,3,3,0,1,0,1,2,-0.1218099189210623,3541
2,2,2,2,3,0,3,0,2,3,2,2,2,3,2,2,1,0,3,3,1,2,1,0,-0.3276081896748093,3557
0,0,2,3,2,1,0,0,1,3,3,2,1,2,3,3,2,0,2,2,2,3,3,1,-0.3276081896748093,3573
3,2,0,3,1,2,1,1,3,2,2,1,2,1,0,3,1,3,3,2,0,0,1,3,-0.37680583554617686,3590
1,0,2,2,3,0,3,0,1,3,2,0,3,2,0,3,3,2,1,0,2,2,0,3,-0.4579711102459002,3607
1,1,1,2,1,1,3,1,2,1,2,1,2,2,3,2,3,2,1,3,3,1,2,2,-0.37680583554617686,3626
2,2,1,1,1,0,2,1,1,2,0,2,0,2,1,0,3,3,0,0,3,0,3,0,-0.22137914476624865,3643
2,0,0,0,1,0,1,3,0,2,2,1,1,0,1,1,0,2,3,2,1,3,3,1,-0.2145763359663444,3659
0,2,2,0,0,1,3,1,1,3,0,3,2,1,2,3,2,0,2,1,3,2,3,2,-0.3276081896748093,3675
3,0,3,2,0,0,3,3,0,0,1,2,1,0,2,0,1,0,1,3,1,3,3,1,-0.4579711102459002,3690
1,3,3,1,0,2,1,2,0,2,2,3,2,0,3,3,2,2,3,0,3,3,1,3,-0.3276081896748093,3706
1,0,2,3,3,0,1,3,0,3,1,2,3,0,0,3,1,3,3,1,3,0,1,3,-0.16630858464128406,3722
2,3,3,3,0,1,1,2,2,2,3,0,0,2,2,3,1,0,1,0,2,2,2,1,-0.3276081896748093,3738
0,3,1,0,3,3,3,1,1,2,2,3,1,2,3,2,0,1,0,3,2,2,2,2,-0.3034743140122791,3754
0,1,3,2,0,0,1,1,1,3,0,0,2,3,2,2,1,0,0,2,3,3,3,0,-0.4842088145571889,3773
0,3,1,3,2,3,3,2,2,1,1,0,0,1,0,3,1,3,3,3,1,1,0,2,-0.3276081896748093,3788
3,3,2,1,2,3,1,0,2,1,1,3,3,1,0,0,1,1,3,3,1,3,2,2,-0.22137914476624854,3805
1,2,0,2,1,0,2,0,1,3,1,2,3,2,0,0,0,0,0,1,2,1,1,2,-0.3276081896748093,3820
2,3,1,1,2,3,1,2,1,3,3,2,1,0,1,2,1,0,1,2,1,0,0,3,-0.37680583554617686,3835
0,0,2,3,0,2,2,1,2,2,0,0,0,1,0,3,1,1,1,3,3,2,1,2,-0.19724526910371842,3851
3,2,0,1,2,1,1,1,2,3,0,0,3,2,1,3,0,1,1,2,3,2,0,3,-0.3276081896748093,3867
0,1,3,3,3,1,2,0,2,1,1,1,3,0,3,1,1,3,1,1,3,1,0,3,-0.3276081896748093,3883
0,1,1,0,2,3,0,1,1,0,2,1,3,2,0,3,3,3,3,0,3,3,3,3,-0.11514285706779837,3900
0,1,1,2,2,0,3,3,2,3,0,2,1,2,3,1,0,0,3,3,3,3,0,3,-0.027174773568170885,3916
3,0,3,1,2,3,2,3,3,2,3,0,2,3,2,0,0,3,2,0,2,0,2,3,-0.22921289793207422,3932
3,1,3,0,3,0,1,2,3,2,0,1,0,2,3,0,3,1,3,3,1,0,3,0,-0.3276081896748093,3950
0,1,1,1,3,1,3,1,3,3,2,2,2,2,0,1,1,0,2,3,1,1,2,2,-0.27841054380344177,3966
0,2,2,2,0,1,3,0,0,3,1,3,0,2,3,2,0,1,3,1,2,3,3,0,-0.9059902211767518,3982
2,3,0,3,1,0,2,0,3,2,0,3,0,2,0,2,2,2,1,1,0,2,1,2,-0.3276081896748093,3998
0,1,0,0,2,2,1,1,0,2,1,2,0,2,1,1,1,0,0,3,0,3,2,0,-0.3276081896748093,4013
3,1,1,3,1,2,1,0,0,3,1,2,1,0,3,0,3,3,3,0,0,3,1,3,-0.3276081896748093,4030
2,3,0,1,2,3,2,0,1,1,3,1,3,2,2,3,0,2,2,2,0,0,2,2,-0.3276081896748093,4046
3,0,3,1,3,0,0,3,3,2,3,1,0,0,3,2,1,3,0,0,1,2,1,1,-0.19724526910371842,4125
3,1,1,2,0,3,1,0,3,3,3,1,2,2,2,2,0,2,2,0,0,1,0,0,-0.19724526910371842,4140
1,3,0,2,3,0,2,3,0,2,0,1,0,3,0,3,1,2,2,0,0,0,1,3,-0.3276081896748093,4155
0,2,2,0,2,1,3,1,3,0,2,1,3,3,3,2,3,3,3,0,0,3,0,0,-0.3276081896748093,4170
1,1,2,3,3,1,0,2,0,0,1,0,0,1,1,2,0,0,1,0,0,3,0,1,-0.3276081896748093,4186
0,3,1,0,3,0,2,3,0,2,3,3,2,0,1,2,1,1,0,1,2,0,0,1,-0.3276081896748093,4202
3,3,0,1,1,3,2,0,0,2,1,1,0,1,2,3,3,3,2,1,3,3,1,2,-0.172181498894881,4221
0,1,2,3,2,3,1,2,0,0,1,3,2,1,1,2,0,0,3,3,2,0,2,1,-0.46477391904580434,4235
3,1,2,0,0,3,1,2,1,0,1,2,0,0,0,1,1,1,3,0,1,1,0,2,-0.3276081896748093,4250
0,2,1,2,3,3,3,0,0,2,0,0,0,0,3,0,1,2,1,3,0,2,0,1,-0.2155062305126516,4264
1,2,3,1,0,1,3,3,2,0,2,2,1,2,3,1,2,1,2,0,1,2,3,1,-0.3276081896748093,4280
1,3,0,1,2,3,3,0,2,1,0,3,1,3,2,1,2,2,0,1,3,0,0,2,-0.3276081896748093,4300
1,0,3,3,1,2,0,1,3,1,1,0,0,0,1,2,0,0,0,2,1,2,1,0,-0.3276081896748093,4314
1,3,0,2,3,1,0,1,3,1,2,1,3,2,3,0,0,2,2,3,2,0,0,1,-0.4579711102459002,4329
1,3,1,2,1,2,1,3,3,0,0,3,3,0,0,0,2,1,0,2,0,3,0,1,-0.37680583554617686,4344
1,0,0,3,1,2,3,2,2,3,2,1,2,2,2,1,1,1,0,0,0,3,0,0,-0.19724526910371842,4362
3,0,1,2,0,0,0,3,3,0,0,2,1,0,0,0,0,1,3,2,2,0,0,1,-0.27253762954984473,4379
3,1,3,0,2,2,0,1,2,0,2,2,3,2,3,2,2,1,0,0,3,0,0,0,-0.3276081896748093,4401
3,0,3,3,2,2,0,3,0,3,1,0,1,3,1,2,3,0,2,1,1,3,0,0,-0.3276081896748093,4417
3,2,3,0,2,0,0,0,2,2,2,1,3,3,1,1,3,0,3,2,1,3,0,0,-0.4030435398574652,4432
2,1,3,2,3,3,0,1,1,2,0,0,2,1,2,3,3,2,0,0,2,0,0,3,-0.3276081896748093,4446
2,1,0,2,2,0,1,2,3,3,3,0,3,0,2,1,0,0,2,1,0,0,3,2,-0.46477391904580445,4461
2,0,0,1,3,3,2,0,0,0,2,1,1,2,0,2,0,3,0,2,0,1,1,3,0.23461670906695853,4474
1,2,0,0,3,1,0,1,0,3,3,0,2,2,1,0,1,1,3,1,3,1,0,3,-0.3276081896748093,4488
1,3,3,3,1,2,0,2,0,0,2,2,0,0,1,3,3,3,1,2,3,2,3,0,-0.5400735222818203,4504
3,0,2,0,3,2,1,1,2,2,1,3,2,0,3,1,0,2,2,1,1,3,0,1,-0.19724526910371842,4519
1,0,0,0,2,0,1,0,3,1,1,1,0,2,0,0,0,1,2,1,3,1,3,1,-0.4579711102459002,4533
3,3,2,0,3,3,1,3,3,1,0,3,0,3,1,1,1,2,1,2,1,3,0,0,-0.5322325263261052,4550
0,0,1,1,1,3,1,3,3,0,0,3,0,2,0,2,0,3,3,0,2,0,1,3,-0.46477391904580445,4568
1,0,0,0,2,3,3,3,0,3,2,1,1,1,2,0,1,1,2,0,3,1,3,3,-0.3276081896748093,4585
0,0,2,0,2,2,0,2,3,2,1,3,2,0,3,0,3,1,2,2,3,3,3,3,-0.22137914476624865,4601
0,3,1,0,1,0,0,1,2,1,2,0,3,0,2,3,1,2,0,0,1,2,2,1,-0.3276081896748093,4617
1,0,3,0,2,2,1,1,1,1,3,1,0,1,1,0,1,3,3,2,0,3,1,1,-0.3276081896748093,4634
1,0,2,0,1,2,3,2,3,2,1,0,2,0,0,1,2,3,2,1,2,2,2,1,-0.27841054380344177,4650
2,0,1,2,0,3,3,2,0,0,0,2,0,3,3,1,2,1,3,0,1,3,3,0,-0.7505635303968236,4664
1,0,1,2,3,2,1,1,3,0,3,1,0,3,0,0,2,3,1,2,0,0,2,3,-0.5710029639543652,4679
1,2,1,2,1,3,3,1,1,3,3,0,2,2,1,1,3,2,3,3,3,2,3,0,-0.2202052106637974,4697
1,2,3,0,3,2,0,1,1,3,2,3,1,3,3,1,1,2,1,1,2,1,3,1,-0.29667150521237484,4714
2,2,3,2,3,2,3,0,0,2,2,1,2,1,0,1,1,1,3,1,3,3,2,0,-0.19044246030381418,4733
1,2,0,1,3,2,0,3,3,0,3,1,2,1,0,0,2,1,1,3,0,0,3,3,-0.22137914476624865,4749
2,3,2,1,2,0,3,3,1,1,3,3,1,1,3,3,3,0,2,1,3,1,3,0,-0.7013658845254561,4765
0,1,3,2,3,2,2,2,2,2,1,1,2,1,3,1,0,1,3,3,2,0,3,0,-0.1904424603038143,4781
2,3,3,0,3,3,1,2,2,1,2,2,0,0,0,2,2,3,2,0,2,0,2,1,-0.1904424603038143,4797
2,1,2,1,0,1,1,2,1,2,3,3,1,0,3,2,1,0,0,0,0,1,3,1,-0.3276081896748093,4812
3,0,3,0,2,2,3,3,2,1,1,2,1,1,1,0,3,1,2,2,2,2,3,3,-0.46477391904580434,4828
0,1,3,2,2,0,3,3,0,2,3,1,3,1,2,1,0,2,2,2,1,0,2,1,-0.46477391904580434,4844
1,1,3,2,2,3,3,1,2,2,3,3,3,0,2,3,3,2,2,0,0,0,3,0,-0.3276081896748093,4861
3,3,1,0,3,3,1,1,3,0,0,0,0,0,1,0,1,1,1,0,1,3,1,2,-0.43383723458337,4878
2,2,0,0,2,0,2,1,2,2,3,0,0,2,1,2,2,3,3,1,0,3,1,1,-0.1904424603038143,4894
0,0,0,0,0,3,1,3,2,3,2,1,3,0,0,0,0,2,2,1,0,3,3,0,-0.009951999315048643,4908
2,1,0,1,1,1,0,2,1,0,1,0,3,1,1,2,0,3,2,0,2,3,2,3,-0.3276081896748093,4924
2,3,1,1,0,0,3,3,2,0,1,3,2,3,1,0,1,1,0,2,3,1,2,0,-0.3276081896748093,4940
1,1,3,3,3,2,0,3,3,1,2,1,0,3,3,2,1,2,0,2,3,1,2,1,-0.22137914476624854,4959
2,3,0,2,0,2,0,1,2,3,1,0,0,0,1,0,2,1,1,2,0,3,1,0,-0.1904424603038143,4975
1,3,1,2,3,2,1,0,2,1,1,1,0,2,0,1,2,0,1,0,1,2,3,1,-0.27841054380344177,4991
2,2,1,1,3,1,0,3,1,2,1,0,2,3,3,2,2,0,1,0,2,2,1,0,-0.32760818967480937,5008
0,3,3,3,0,2,2,3,2,0,0,0,0,3,0,3,2,3,3,2,2,3,3,0,-0.46477391904580434,5025
0,2,0,2,1,3,2,3,2,2,1,1,2,1,0,3,2,2,1,3,0,3,2,1,-0.8075949294340168,5041
1,2,0,1,0,0,0,1,3,2,2,0,1,1,3,0,3,3,1,2,1,1,1,3,-0.17100756479242984,5059
2,2,1,3,1,1,3,3,2,1,0,0,0,3,0,3,3,2,3,2,1,2,0,2,-0.22137914476624865,5077
3,1,1,3,1,2,0,3,0,2,3,0,3,0,3,1,1,0,2,0,1,2,2,0,-0.27841054380344177,5093
3,2,1,3,2,3,3,3,3,0,2,3,3,0,3,2,1,0,3,3,2,3,3,1,-0.27841054380344177,5111
2,0,0,0,1,0,3,2,1,0,3,0,0,1,3,3,3,0,3,1,0,0,0,3,-0.3276081896748093,5130
3,1,3,3,1,2,1,1,1,0,3,0,0,1,2,1,0,0,1,3,2,1,2,0,-0.37680583554617686,5145
0,1,3,0,2,2,2,2,2,1,3,2,0,3,0,3,0,3,1,0,0,3,3,0,-0.16630858464128417,5162
2,0,3,3,0,3,2,2,3,1,0,1,0,3,0,1,1,2,0,0,0,1,0,0,-0.3276081896748093,5177
3,0,2,0,0,0,2,3,1,2,3,0,0,3,3,1,1,0,0,2,0,1,2,2,-0.3276081896748093,5193
2,0,0,3,1,3,0,1,3,3,0,2,2,0,0,2,1,2,2,2,0,3,0,0,-0.37680583554617686,5209
2,2,2,3,1,2,2,1,1,3,0,1,3,2,1,1,0,2,2,3,1,1,1,2,-0.4579711102459002,5226
0,2,2,3,0,2,1,3,3,0,0,3,2,2,1,3,3,1,2,0,2,0,3,3,-0.08421341539525351,5243
0,0,1,0,3,0,2,2,0,3,1,2,0,1,3,1,1,3,2,3,2,3,3,3,-0.3276081896748093,5261
3,1,3,1,3,2,2,3,2,1,3,1,3,3,2,0,0,2,3,2,3,2,0,3,-0.19724526910371842,5279
2,2,2,3,1,0,0,0,0,2,2,0,3,3,2,1,1,1,0,1,3,3,3,3,-0.19044246030381418,5296
1,1,1,0,2,2,1,0,1,0,3,0,0,1,2,2,1,1,2,2,0,1,1,3,-0.46477391904580434,5312
3,0,0,3,2,2,3,1,2,2,3,2,3,1,2,1,3,0,1,3,3,1,3,2,-0.6086067102700634,5330
0,3,2,0,2,0,1,1,0,0,0,1,3,1,2,1,2,2,3,2,2,0,3,1,-0.1904424603038143,5346
2,0,0,3,3,3,0,1,3,0,2,0,0,2,1,3,3,3,1,3,0,1,0,2,-0.5642001551544609,5362
0,0,0,3,3,0,3,3,2,1,2,2,1,2,0,0,2,3,2,3,1,1,2,1,-0.46477391904580434,5377
3,0,2,1,1,3,2,0,1,1,3,0,2,0,2,3,1,0,2,2,1,1,1,1,-0.27841054380344177,5395
0,1,3,3,1,1,2,3,2,2,3,0,1,3,0,0,3,1,1,2,2,0,0,1,-0.3276081896748093,5412
2,1,1,0,1,1,3,0,1,3,1,1,0,2,3,0,2,3,1,2,3,1,3,0,-0.3276081896748093,5429
1,1,1,0,0,3,3,0,0,1,3,1,0,1,3,2,1,1,2,0,3,3,1,2,-0.27841054380344177,5448
2,0,1,3,1,0,3,0,3,2,0,0,2,2,3,1,3,2,1,3,1,2,2,2,-0.22137914476624865,5463
1,1,3,3,2,1,1,0,0,2,0,2,2,3,0,2,1,2,2,2,2,2,2,3,-0.3276081896748093,5479
3,1,2,1,2,0,0,2,0,1,0,3,2,2,2,0,0,1,1,0,3,3,1,0,-0.3276081896748093,5496
3,1,0,3,3,0,3,1,1,3,1,0,2,2,0,2,0,3,0,2,2,3,0,3,-0.46477391904580445,5513
1,0,3,0,3,1,2,1,2,1,3,0,2,2,2,0,2,2,3,3,3,0,0,1,-0.3276081896748093,5529
3,3,3,3,0,2,3,3,2,0,1,1,2,3,2,1,0,2,1,2,0,1,2,3,-0.48303488045473764,5545
2,1,2,3,3,0,2,1,1,0,2,3,1,3,1,2,0,3,2,3,1,3,0,2,-0.027174773568170774,5561
0,1,3,3,2,0,1,2,3,1,2,2,1,1,2,3,2,0,1,3,1,2,3,1,-0.3276081896748093,5577
0,1,3,3,3,3,0,1,1,0,2,3,3,0,2,3,2,1,1,3,2,3,2,2,-0.37680583554617686,5593
3,3,1,3,1,3,3,3,0,3,2,0,2,1,1,2,2,0,0,2,1,3,0,3,-0.3276081896748093,5610
0,1,2,0,1,1,0,3,0,3,0,2,1,1,1,0,3,2,1,2,3,0,0,0,-0.37680583554617686,5626
0,3,0,1,3,2,3,3,3,1,2,0,1,1,3,3,0,0,2,3,2,3,0,3,-0.4579711102459002,5642
1,0,0,2,0,1,0,0,1,0,1,3,3,0,1,0,2,2,2,2,2,1,2,1,-0.27841054380344177,5658
3,2,2,2,3,2,0,1,2,0,2,3,2,1,1,1,2,3,0,0,2,3,0,1,-0.4842088145571889,5674
1,1,0,2,3,3,1,0,1,0,1,3,1,2,1,2,0,3,3,1,2,3,3,1,-0.4908758764104527,5692
2,2,0,2,0,0,3,1,2,1,2,3,1,3,3,1,1,1,1,1,3,3,1,0,-0.37680583554617686,5709
1,1,0,1,1,0,1,1,1,3,0,2,0,1,3,2,3,3,3,0,0,0,2,2,-0.3276081896748093,5727
2,2,3,0,0,3,2,1,2,0,1,0,2,3,0,0,2,2,0,1,2,2,0,3,-0.0600795397327234,5742
3,2,1,1,1,2,1,0,3,3,2,2,1,2,3,1,3,1,1,3,3,1,2,0,-0.43383723458337,5760
0,3,1,2,0,2,2,0,0,3,0,3,3,2,0,1,1,2,3,0,1,2,2,2,-0.3276081896748093,5775
3,1,2,1,1,2,0,3,0,3,1,2,0,0,3,0,2,2,1,3,2,1,1,0,-0.37680583554617686,5791
1,1,2,2,2,1,3,2,1,1,2,3,1,3,1,2,1,2,1,1,1,3,0,3,-0.4908758764104527,5809
0,1,2,3,3,3,3,3,1,0,1,2,1,3,0,0,0,3,3,1,3,3,0,0,-0.3276081896748093,5824
1,3,0,1,0,3,1,1,2,2,3,2,2,3,3,2,1,1,3,2,0,2,3,1,-0.3276081896748093,5841
2,1,2,1,3,3,0,1,2,2,3,0,3,2,1,0,0,2,0,2,0,1,3,1,-0.46477391904580434,5855
1,0,3,3,1,1,1,3,1,0,3,1,2,2,0,2,2,3,0,1,1,1,1,3,-0.3276081896748093,5871
2,0,1,2,0,2,2,1,0,0,2,3,0,0,0,0,2,1,2,3,0,3,0,0,-0.3585448741372437,5886
0,2,2,0,0,0,0,3,2,1,2,3,0,1,1,3,2,1,3,0,0,1,2,3,-0.46477391904580434,5901
2,2,1,3,3,2,1,0,0,1,1,3,2,0,3,1,1,2,1,2,2,2,1,0,-0.3276081896748093,5919
2,2,3,1,0,2,0,1,2,2,0,2,3,3,3,0,2,3,0,0,2,2,0,1,-0.1904424603038143,5936
1,3,1,1,0,2,1,0,1,2,3,2,1,1,0,1,2,2,1,2,0,1,2,3,-0.27841054380344177,5952
2,3,3,1,0,2,3,1,1,0,2,3,3,0,0,3,2,1,0,3,0,1,1,3,-0.425996238627655,5968
3,0,0,1,0,1,0,1,3,0,0,1,0,1,1,1,0,3,0,1,3,3,2,1,-0.19724526910371842,5983
3,1,2,1,1,0,0,1,0,3,3,3,1,2,3,1,1,3,2,0,0,2,3,2,-0.46477391904580445,6000
1,2,3,2,0,1,3,1,2,0,1,1,0,2,3,2,0,1,3,1,0,0,3,2,-0.3276081896748093,6017
2,3,1,1,2,1,0,1,2,1,3,1,3,0,3,0,0,1,3,3,2,2,2,2,-0.701365884525456,6035
2,2,3,1,2,3,3,0,0,1,2,2,3,0,0,3,3,3,0,1,0,2,0,0,-0.3276081896748093,6050
0,3,2,3,2,2,3,3,1,3,1,0,3,2,3,3,2,3,1,0,2,3,0,0,-0.3276081896748093,6066
0,3,3,3,3,1,2,2,2,1,0,0,1,0,3,0,3,3,3,2,2,2,1,0,-0.27841054380344177,6082
0,2,3,1,1,2,0,2,3,1,1,1,1,2,3,1,1,1,2,3,1,1,2,2,-0.3276081896748093,6101
2,2,3,2,3,3,1,0,1,1,0,3,2,0,2,0,2,2,0,3,1,2,2,1,-0.3276081896748093,6117
1,3,1,2,2,0,3,3,1,1,0,3,2,2,1,3,0,1,2,1,2,3,2,1,-0.172181498894881,6206
2,1,0,1,3,3,0,3,2,3,1,1,2,2,1,1,1,1,0,3,0,1,0,3,-0.19724526910371842,6221
3,2,3,1,1,2,3,2,1,0,2,0,0,0,2,1,1,1,0,2,2,0,3,1,-0.3276081896748093,6236
3,0,2,3,1,1,1,2,1,3,2,1,1,3,0,1,0,3,1,3,0,1,0,2,-0.3276081896748093,6253
2,0,1,1,2,2,3,3,2,2,0,3,0,0,0,1,1,0,0,1,0,2,1,1,-0.35174206533733954,6268
1,0,2,1,1,1,2,0,3,3,0,1,1,1,1,1,2,1,2,0,0,3,3,2,-0.19724526910371842,6283
0,1,3,1,2,3,2,0,3,2,3,3,2,1,2,0,3,0,3,2,1,1,3,0,-0.6145717351282797,6300
2,3,1,2,3,0,0,2,2,2,2,2,1,3,0,0,3,2,0,1,2,2,3,0,-0.37680583554617686,6318
0,1,0,3,3,0,0,0,2,0,0,0,1,1,3,0,1,2,2,2,3,1,1,1,-0.46477391904580445,6334
1,1,3,3,1,3,1,2,3,3,2,2,0,3,2,2,1,1,0,2,3,0,3,2,-0.44533902353442,6351
3,3,1,3,3,0,1,0,1,3,0,1,1,2,2,0,2,2,1,3,2,1,3,1,-0.3276081896748093,6369
0,0,0,3,2,1,1,2,1,0,0,1,1,1,0,0,1,1,1,2,2,3,0,3,-0.19724526910371842,6384
0,2,0,2,2,3,0,1,0,3,2,3,2,3,2,1,0,3,1,2,3,2,2,3,-0.46477391904580434,6402
3,1,0,1,0,1,2,2,0,3,2,3,0,0,3,2,0,2,2,0,1,1,1,1,-0.3276081896748093,6417
0,1,3,0,1,2,3,3,1,1,2,1,0,2,2,3,1,2,1,0,3,3,1,2,-0.19044246030381418,6434
3,0,3,2,0,1,3,1,2,0,0,1,3,1,0,2,2,2,1,1,1,3,3,0,-0.4579711102459002,6450
3,3,3,2,1,2,0,2,0,3,1,0,0,2,3,0,1,3,1,1,1,0,1,0,-0.27841054380344177,6467
2,2,3,0,3,1,3,1,3,3,2,2,3,1,2,0,1,1,0,2,3,1,0,2,-0.302544419465972,6483
1,0,1,0,0,2,2,3,1,2,3,0,0,3,3,3,2,1,2,0,0,3,2,3,-0.3276081896748093,6499
1,2,0,1,1,0,3,1,2,0,2,1,0,1,1,3,0,3,0,3,0,0,0,2,-0.3538458939860979,6515
3,1,3,2,3,1,1,3,2,2,2,1,0,2,0,1,3,3,3,3,1,0,0,1,-0.46477391904580445,6532
3,0,2,2,0,3,1,0,3,2,0,1,2,2,2,0,2,2,2,2,2,3,3,1,-0.3276081896748093,6548
2,0,3,3,3,0,3,1,0,2,3,3,2,3,3,3,3,2,0,3,1,0,3,2,-0.4579711102459002,6564
2,0,3,2,0,1,3,0,2,3,3,2,3,1,3,0,2,3,1,2,0,1,1,2,-0.484208814557189,6580
3,2,3,2,1,0,1,2,3,0,1,2,1,0,3,2,2,2,0,0,3,0,2,2,-0.3276081896748093,6602
0,1,1,1,1,1,1,2,2,0,1,1,3,2,1,2,2,3,1,3,1,1,0,3,-0.46477391904580434,6620
2,1,3,1,1,1,3,2,1,1,1,0,3,3,0,3,0,3,2,0,3,2,0,3,-0.3276081896748093,6639
1,0,3,1,1,1,3,3,0,2,1,3,0,1,1,1,2,3,1,2,2,0,1,1,-0.3276081896748093,6656
1,2,2,0,0,3,2,1,0,3,1,2,2,3,3,3,0,2,0,3,3,0,1,2,-0.3276081896748093,6673
3,2,1,0,3,3,1,1,3,1,3,1,2,3,1,2,2,0,3,0,1,3,1,0,-0.3276081896748093,6691
1,3,2,3,0,3,0,0,2,0,2,0,3,1,3,1,3,3,2,3,2,3,3,0,-0.3276081896748093,6709
3,0,2,2,1,1,3,2,3,2,0,1,0,2,0,1,3,3,1,0,3,2,2,2,-0.3276081896748093,6727
2,1,0,1,0,3,1,3,0,0,1,3,0,3,2,1,2,0,0,3,1,1,1,0,-0.17898430769478513,6743
1,0,1,1,3,3,2,1,0,3,1,1,3,1,0,1,1,0,0,2,1,0,0,0,-0.19724526910371842,6758
1,3,2,2,3,3,1,1,1,2,2,2,1,0,1,3,2,3,0,0,0,0,0,2,-0.37680583554617686,6773
3,3,0,0,0,2,1,3,1,3,3,1,0,2,1,2,0,2,0,1,1,0,3,0,-0.30451250116809014,6790
1,1,0,1,2,3,1,1,2,2,0,1,2,1,1,3,0,3,3,0,3,2,3,1,-0.3276081896748093,6807
1,3,3,2,2,0,3,3,2,2,2,0,2,3,1,1,3,3,3,2,2,1,3,1,-0.3276081896748093,6824
0,3,1,2,1,2,2,2,1,0,2,1,2,2,2,1,0,0,3,2,3,2,3,2,-0.3276081896748093,6840
1,2,1,0,0,2,3,3,3,0,3,1,2,3,3,1,2,0,2,1,1,2,0,0,-0.3276081896748093,6855
3,1,1,1,1,3,0,1,3,1,3,1,2,1,3,2,2,2,2,3,1,0,2,3,-0.37680583554617686,6873
2,3,2,0,0,2,2,1,0,1,0,3,3,0,1,2,3,2,2,1,0,1,1,0,-0.19724526910371842,6889
0,3,2,3,1,2,1,1,2,3,1,0,2,2,0,3,3,3,1,1,2,0,1,3,-0.4250663440813478,6906
0,1,1,0,2,3,1,1,0,0,1,1,1,2,1,1,3,2,3,2,3,2,0,3,-0.3276081896748093,6922
3,0,2,1,3,0,0,3,0,3,3,1,0,1,0,3,3,1,1,2,3,1,2,3,-0.484208814557189,6940
0,0,3,1,2,3,1,3,0,3,3,0,3,2,2,1,2,0,0,0,0,1,1,2,-0.16537869009497685,6955
1,0,2,2,0,0,2,0,3,2,3,2,2,3,2,2,1,3,3,0,1,0,2,3,-0.3276081896748093,6973
1,3,0,2,1,3,0,1,1,0,3,2,3,3,3,3,2,1,3,3,3,3,3,2,-0.3276081896748093,6992
3,1,0,1,3,2,0,0,2,3,1,1,0,3,1,0,0,1,3,3,1,2,1,2,-0.3276081896748093,7009
2,3,0,2,3,0,3,3,3,2,2,2,2,2,3,2,3,2,0,3,3,3,1,3,-0.46477391904580445,7026
2,0,0,3,0,1,2,3,1,0,0,3,2,2,3,0,3,3,3,3,0,1,2,2,-0.43383723458337003,7043
0,3,1,2,3,1,3,0,3,3,2,3,1,1,2,0,1,1,0,2,3,0,2,0,-0.37680583554617686,7060
3,2,2,2,0,3,2,2,3,1,0,1,2,1,0,0,3,0,2,2,3,3,0,1,-0.19724526910371842,7075
2,3,2,3,0,2,3,1,0,3,2,2,2,0,1,0,3,2,0,3,2,1,2,1,-0.3276081896748093,7092
0,2,1,1,3,1,1,0,0,0,3,1,1,3,0,0,0,0,3,1,1,1,3,1,-0.22818195356615273,7108
3,0,2,0,3,0,1,0,1,0,0,0,1,3,1,1,0,1,0,3,3,0,2,0,-0.37680583554617686,7123
0,0,0,2,1,2,3,1,1,0,1,3,2,2,1,0,0,1,1,0,0,0,1,0,-0.37680583554617686,7139
0,2,1,0,2,1,3,3,2,2,0,2,2,0,3,0,2,3,0,3,3,1,1,2,-0.46477391904580434,7157
1,1,3,2,3,2,3,1,0,1,2,2,0,0,1,0,2,1,1,0,0,0,2,0,-0.5400662794919306,7173
2,3,1,1,3,1,3,2,0,0,0,0,3,1,1,1,2,2,3,1,0,3,0,1,-0.46477391904580434,7192
0,2,1,1,2,1,0,1,2,0,3,0,3,1,2,1,2,0,2,0,3,3,3,1,-0.701365884525456,7207
0,2,0,2,1,3,0,2,0,3,1,0,0,2,1,2,1,1,3,3,1,3,0,0,-0.5322325263261051,7224
0,1,0,3,1,1,1,0,1,1,3,0,1,1,1,3,3,2,2,1,1,2,0,2,-0.3276081896748093,7241
1,2,3,0,1,3,1,0,1,1,1,2,0,0,3,0,3,1,3,3,1,0,3,1,-0.4842088145571888,7259
3,3,2,1,2,1,2,3,3,1,3,1,2,1,0,1,0,3,2,3,0,1,3,3,-0.4579711102459002,7277
2,1,3,2,0,3,3,1,1,3,2,0,0,1,1,1,2,3,3,2,0,2,3,1,-0.3276081896748093,7294
2,1,2,0,1,3,3,0,0,3,3,2,3,0,1,0,0,2,3,0,1,1,3,0,-0.1904424603038143,7309
3,3,1,0,1,2,2,1,3,0,1,0,1,1,1,2,3,1,2,2,3,2,1,0,-0.3276081896748093,7327
2,1,2,1,2,1,1,0,0,0,3,3,3,3,1,2,3,1,1,3,1,2,3,2,-0.3276081896748093,7345
0,3,1,3,1,1,0,1,0,3,2,2,0,3,0,3,2,1,3,0,0,3,3,0,-0.1904424603038143,7363
2,0,1,1,1,1,1,2,2,1,2,3,2,0,3,0,3,1,1,2,1,3,3,1,-0.22137914476624865,7381
3,1,0,3,2,0,2,3,0,3,0,0,3,2,2,2,3,3,1,0,1,2,0,2,-0.4338372345833701,7397
1,2,0,2,1,3,0,0,1,0,3,0,0,2,1,2,2,2,3,3,1,3,3,3,-0.27841054380344177,7412
0,3,2,2,3,0,1,1,3,3,3,2,2,1,0,2,1,3,2,1,0,3,3,0,-0.08421341539525351,7428
1,0,2,1,2,2,3,0,3,2,3,0,1,0,1,2,0,1,3,1,0,2,0,2,-0.4579711102459002,7443
2,0,1,2,2,3,0,2,3,2,2,0,3,2,0,2,3,3,1,3,1,2,1,0,-0.19044246030381418,7460
1,2,3,2,0,3,2,3,0,3,0,2,1,3,0,1,3,2,2,2,3,2,1,1,-0.4579711102459002,7475
0,2,2,2,3,0,1,3,2,2,0,0,0,1,1,1,3,2,2,1,1,0,2,2,-0.7505635303968238,7491
0,0,0,1,0,3,2,0,1,3,3,0,1,2,0,2,0,3,3,2,1,1,1,1,-0.7505635303968238,7507
0,1,0,3,0,1,1,0,1,1,2,0,1,3,0,3,2,3,3,2,1,3,1,1,-0.3276081896748093,7524
3,3,3,1,2,0,0,1,3,1,1,2,2,1,0,1,0,0,0,0,2,0,3,2,-0.7505635303968238,7540
3,2,3,2,2,1,1,3,3,1,2,1,1,3,0,2,3,3,1,0,1,1,2,1,-0.4842088145571889,7557
0,3,3,2,3,0,0,2,3,3,3,1,0,1,0,0,0,2,2,1,1,0,3,1,-0.19044246030381418,7573
2,3,2,0,3,1,3,0,0,0,1,1,0,1,0,1,2,2,2,3,2,0,1,1,-0.46477391904580434,7588
3,0,3,2,1,3,0,1,1,1,3,2,2,1,0,1,2,3,0,0,1,2,3,2,-0.37680583554617686,7606
3,2,1,0,0,0,2,0,2,1,0,1,1,0,1,2,2,3,0,2,3,3,2,0,-0.3276081896748093,7622
1,2,3,3,1,3,2,0,3,0,1,2,0,0,0,0,3,1,1,3,1,2,0,0,-0.4579711102459002,7640
2,2,1,1,2,0,1,1,3,0,3,1,2,1,0,3,2,3,0,0,1,2,3,2,-0.3276081896748093,7656
1,2,2,1,2,0,1,3,2,0,2,0,0,0,3,2,1,3,0,1,0,0,2,0,-0.3276081896748093,7671
2,3,0,1,0,0,2,3,0,3,1,2,2,1,0,0,1,0,2,0,0,2,2,1,-0.46477391904580445,7686
1,3,2,2,3,0,2,3,0,2,3,0,2,3,3,1,1,3,0,3,0,2,1,3,-0.3276081896748093,7703
0,2,0,3,2,3,3,0,3,2,0,3,0,2,3,2,0,1,1,2,0,2,0,3,-0.4579711102459002,7721
0,1,1,0,2,0,2,0,2,0,0,0,0,1,0,3,2,2,1,3,2,1,1,1,-0.46477391904580434,7736
0,1,0,3,2,2,2,2,3,1,2,1,1,1,3,0,3,0,0,2,0,1,3,3,-0.3276081896748093,7752
1,3,0,0,3,0,2,1,1,2,2,3,3,3,0,0,2,0,0,0,0,3,0,1,-0.3276081896748093,7767
0,3,1,2,1,0,0,3,1,0,0,3,2,0,2,3,2,3,2,0,0,2,3,0,-0.3276081896748093,7781
1,1,3,3,0,0,3,3,3,3,1,0,2,3,2,2,2,0,1,1,2,3,2,1,-0.19724526910371842,7797
3,0,0,3,1,3,1,2,2,0,2,3,1,2,0,1,2,3,1,3,3,3,2,1,-0.3276081896748093,7814
3,0,0,3,0,1,1,0,2,0,0,1,0,2,1,1,2,1,1,2,0,2,1,3,-0.4579711102459002,7829
0,1,1,0,0,1,2,2,3,2,3,3,0,3,3,2,3,2,0,2,2,0,2,1,-0.19724526910371842,7845
0,3,3,1,0,0,2,2,0,0,3,1,1,2,3,3,3,2,0,3,1,1,3,3,-0.12298385302351345,7862
1,3,1,2,2,2,1,2,0,3,1,1,0,2,1,3,1,3,2,0,2,3,1,0,-0.19044246030381418,7878
2,2,3,1,1,2,2,2,1,3,0,1,0,2,0,0,0,1,3,0,1,3,2,3,-0.172181498894881,7894
1,2,2,2,3,1,2,0,0,1,3,2,0,0,2,3,3,3,3,1,0,1,3,1,-0.22137914476624865,7911
2,0,2,0,3,2,3,2,1,0,1,2,2,0,1,2,0,0,0,0,0,2,0,2,-0.3276081896748093,7927
1,1,1,0,2,2,3,0,3,1,2,1,3,3,2,2,0,3,3,2,3,2,0,1,-0.37680583554617686,7943
3,3,2,2,3,0,2,1,1,2,0,1,2,3,3,1,3,2,1,0,2,1,3,3,-0.3276081896748093,7960
1,0,0,1,2,2,2,0,2,1,0,0,2,3,3,2,1,0,3,0,3,3,2,0,-0.3276081896748093,7976
3,2,3,2,1,1,2,1,2,0,2,2,2,3,3,0,3,1,2,0,2,1,1,0,-0.4579711102459002,7994
3,0,3,1,2,1,2,0,3,2,3,3,2,1,3,0,3,2,0,3,2,1,0,2,-0.3276081896748093,8011
2,2,3,1,3,0,0,0,2,0,3,2,3,2,2,0,3,3,0,0,3,3,2,0,-0.46477391904580445,8026
3,0,2,0,1,0,2,0,1,2,1,0,0,1,0,3,1,2,2,1,2,3,2,1,-0.3276081896748093,8042
1,3,2,3,1,1,0,3,0,0,2,3,1,0,2,1,0,2,3,3,3,2,3,1,-0.19724526910371842,8059
1,3,2,3,1,0,2,2,1,3,0,0,2,2,1,0,2,0,1,3,1,1,0,2,-0.4579711102459002,8074
3,3,2,0,3,3,0,1,2,2,2,3,2,0,1,3,2,2,0,1,1,0,0,1,-0.1218099189210623,8097
2,1,3,1,0,2,0,1,0,2,1,2,3,0,0,0,3,3,2,2,1,0,1,2,-0.3276081896748093,8113
2,0,1,0,3,0,3,1,3,2,0,2,1,1,2,3,1,3,3,2,0,2,1,0,-0.7013658845254561,8128
0,1,1,1,2,2,0,3,2,3,0,2,2,3,3,3,3,3,1,1,0,2,2,3,-0.4579711102459002,8146
3,3,1,3,1,2,3,3,3,0,3,1,3,0,2,2,3,2,1,1,2,3,1,0,-0.5334064604285563,8163
2,0,1,2,2,2,3,2,3,0,3,0,0,0,0,1,0,1,2,2,0,3,0,3,-0.3276081896748093,8177
1,3,1,2,2,1,3,0,0,3,0,3,1,3,0,2,2,0,1,3,0,1,1,2,-0.37680583554617686,8194
3,1,1,2,1,0,2,0,3,3,3,0,1,2,2,0,2,2,2,3,2,2,3,0,-0.46477391904580445,8211
2,3,3,2,1,3,0,2,1,1,3,2,1,3,0,3,0,0,3,3,3,3,2,1,-0.3276081896748093,8229
3,1,0,3,2,1,3,0,2,0,1,0,0,1,2,2,1,1,0,2,1,0,0,1,-0.172181498894881,8244
2,0,2,1,0,0,3,0,0,2,3,0,0,3,2,3,3,3,3,3,0,2,0,1,-0.22137914476624854,8258
2,3,1,3,3,3,3,0,3,0,0,2,0,3,2,2,2,1,2,1,0,3,0,2,-0.4908758764104527,8274
2,2,1,3,0,2,0,3,3,1,1,3,3,0,3,0,2,2,1,2,2,1,0,0,-0.16630858464128406,8290
2,3,0,0,3,1,1,1,3,0,3,1,1,1,2,2,3,2,3,0,2,0,1,0,-0.3276081896748093,8305
3,3,1,1,3,0,3,1,2,3,0,1,3,3,1,3,1,0,0,1,1,2,3,1,-0.43383723458337003,8322
3,0,2,1,3,0,1,3,3,2,3,2,0,0,1,2,3,2,1,1,2,3,1,3,-0.3276081896748093,8340
3,2,1,1,2,2,1,1,0,0,2,1,3,1,1,0,2,0,0,3,0,1,1,0,-0.19724526910371842,8356
0,1,3,2,1,2,0,1,1,1,2,3,2,2,3,2,1,0,1,0,3,3,0,3,-0.3276081896748093,8373
3,2,3,2,3,0,2,0,2,1,1,2,3,3,1,1,2,2,3,1,3,2,0,1,-0.19044246030381418,8461
1,0,2,1,0,3,0,0,1,0,3,2,3,3,1,2,0,3,3,0,2,3,0,3,-0.3276081896748093,8476
3,3,1,0,3,3,2,0,1,2,2,2,1,3,2,1,2,1,1,2,3,1,0,0,-0.4260034814175444,8493
2,2,0,2,0,3,2,2,2,0,1,0,2,2,0,1,1,2,1,3,1,0,3,0,-0.3034743140122791,8508
0,3,3,0,3,0,3,3,2,1,2,0,2,2,1,0,1,0,2,1,0,3,2,0,-0.3276081896748093,8524
2,3,2,2,0,1,0,1,3,0,3,2,0,1,3,3,3,3,3,2,1,3,3,3,-0.43383723458337003,8541
1,3,0,2,0,1,3,0,1,0,2,0,2,3,2,0,3,0,0,0,1,3,1,3,-0.3276081896748093,8558
2,3,3,2,2,1,2,0,1,2,1,1,3,0,1,0,2,0,1,0,1,1,2,0,-0.19724526910371842,8573
1,3,2,0,1,3,0,0,1,0,0,1,1,2,0,0,2,2,1,2,1,3,3,0,-0.5322325263261051,8587
2,1,0,0,0,1,0,2,0,3,1,0,2,0,0,3,1,2,2,1,1,0,2,0,-0.27841054380344177,8601
0,3,0,3,0,2,0,2,1,0,0,1,3,0,0,0,3,0,0,1,2,0,2,0,-0.19044246030381418,8616
0,2,1,0,0,3,0,3,0,2,2,1,3,3,1,3,3,1,1,2,1,2,1,0,-0.46477391904580445,8631
1,2,0,1,0,1,0,3,0,2,1,1,0,1,1,2,3,1,1,3,3,2,1,2,-0.3276081896748093,8647
3,1,1,0,1,2,0,0,1,0,2,3,3,3,3,2,0,2,0,2,2,1,0,0,-0.3276081896748093,8664
0,2,3,2,3,0,3,0,0,0,0,2,0,2,1,1,0,2,2,0,1,2,2,0,-0.5788439599100802,10501
3,0,1,3,3,0,3,2,3,3,0,2,0,3,3,3,2,2,2,2,1,3,3,0,-0.3276081896748093,11552
3,1,0,0,0,1,3,0,0,2,1,3,0,2,3,1,3,2,3,1,0,3,3,3,-0.2202052106637974,12525
0,2,2,2,0,0,3,0,0,3,3,3,1,1,3,3,0,1,2,0,3,1,3,0,-0.46477391904580434,13546
0,2,0,2,1,3,2,3,1,1,0,1,1,0,1,3,3,2,0,3,0,3,2,1,-0.3276081896748093,14514
0,2,2,2,0,1,3,0,0,3,2,3,0,2,3,2,0,1,3,1,2,3,3,0,-0.9059902211767518,15504
0,0,3,2,0,2,3,0,0,0,0,1,0,3,3,1,3,2,3,0,1,3,2,0,-0.19724526910371842,16473
1,1,1,2,0,3,3,2,1,3,0,2,0,2,3,0,0,0,0,0,3,1,3,0,-0.4579711102459002,17521
0,2,3,2,0,0,3,0,0,2,2,3,0,1,2,2,2,1,3,0,3,3,0,0,-0.1904424603038143,18539
0,1,1,2,0,3,3,0,0,3,0,3,0,3,3,1,0,1,3,0,2,3,3,0,-0.46477391904580434,19525
0,2,2,2,0,1,3,0,0,3,2,3,0,2,0,2,0,1,3,1,2,3,3,0,-0.9059902211767518,20549
0,0,2,2,0,1,3,2,0,3,3,3,0,2,0,0,0,2,3,3,0,3,3,0,-0.8373576797939999,21537
0,1,3,2,0,1,2,3,0,3,2,3,0,2,3,3,0,2,3,1,0,3,3,0,-0.46477391904580434,22481
0,2,2,2,0,2,3,0,2,3,0,3,0,2,3,2,2,2,3,2,0,3,3,0,-0.46477391904580434,23478
1,3,0,2,0,1,3,2,0,3,3,3,0,1,0,0,0,2,3,1,3,3,0,0,-0.4579711102459002,24508
2,0,2,2,2,0,3,0,2,3,0,3,0,0,1,2,0,0,3,1,1,3,3,0,-0.7505635303968236,25549
2,3,2,2,0,1,3,0,0,2,1,3,0,2,2,2,0,0,3,1,3,3,3,0,-0.32080538087490507,26600
0,0,3,2,2,1,3,1,0,3,3,3,0,2,0,1,0,0,3,1,3,2,3,3,-0.46477391904580434,27626
0,2,2,3,0,1,3,2,1,2,1,2,0,0,2,1,0,1,3,2,2,3,3,0,-0.3276081896748093,28622
0,3,2,3,2,1,3,1,0,3,2,3,0,1,1,2,0,2,3,1,1,3,3,0,-0.46477391904580434,29697
0,2,2,2,0,0,3,0,0,3,0,3,0,2,3,0,0,0,3,3,2,3,0,0,-0.7505635303968236,30755
3,2,3,2,0,1,3,0,0,3,3,3,0,2,0,0,0,1,3,3,0,3,3,0,-0.08421341539525351,31787
1,1,0,0,2,0,0,2,1,0,3,1,3,1,0,0,2,2,3,1,3,2,3,0,-0.4579711102459002,31885
0,2,2,2,0,1,3,0,0,3,2,3,0,2,3,2,0,1,3,3,2,3,3,0,-0.33441099847471334,32912
3,0,0,2,1,1,3,3,2,1,0,3,3,3,3,3,0,1,1,0,3,1,0,2,-0.27841054380344177,33020
0,2,3,2,0,1,3,0,0,3,2,3,0,2,1,2,0,1,3,1,2,3,3,0,-0.6202006098257327,34016
0,2,2,2,0,1,3,0,0,3,1,3,0,2,0,2,0,1,3,1,0,3,3,0,-0.7458717930355673,35042
0,2,2,2,0,1,3,1,2,3,2,3,0,2,3,2,0,1,3,1,2,3,3,0,-0.32080538087490507,36140
0,2,2,2,1,1,3,0,0,3,2,3,0,2,1,2,0,1,3,1,2,3,3,0,-0.9059902211767518,37394
0,0,2,2,0,0,3,0,0,3,3,3,0,2,3,1,0,2,3,1,2,3,0,1,-0.46477391904580434,38724
0,2,2,2,1,1,3,0,0,3,2,3,0,2,2,2,1,1,3,1,2,3,0,0,-0.6133978010258284,40014
2,2,0,0,1,2,2,2,0,2,2,1,1,2,1,3,3,1,0,2,3,2,1,0,-0.46477391904580445,40150
0,2,2,2,0,1,3,0,0,3,2,3,0,2,0,0,0,1,3,1,2,3,3,0,-0.33441099847471334,41496
1,2,2,2,0,1,3,0,0,3,1,3,0,2,3,2,0,1,3,1,2,3,3,0,-0.4579711102459002,42977
0,2,2,2,1,1,3,0,0,3,2,3,0,2,0,2,0,1,3,1,2,0,3,0,-0.9059902211767518,44418
0,2,2,2,1,1,3,0,0,3,2,3,0,2,0,2,0,1,3,1,2,3,3,1,-0.9059902211767518,45789
0,0,2,0,1,0,3,0,0,3,1,3,0,2,3,2,0,1,3,0,2,3,3,3,-0.309347228265876,47161
0,3,2,2,0,1,3,0,0,3,2,3,0,2,3,2,0,1,3,1,2,3,3,0,-0.7505635303968236,48490
0,2,2,1,2,1,3,0,0,3,2,3,0,2,0,2,0,1,3,1,2,0,3,0,-0.6202006098257327,49829
0,3,1,2,2,2,1,1,0,2,1,0,2,1,1,1,0,0,0,0,1,0,0,1,-0.46477391904580434,49957
1,2,2,3,3,2,0,0,0,0,2,0,0,1,0,0,2,2,2,1,0,0,2,2,-0.581666968963727,50119
0,2,2,2,1,1,3,0,0,3,3,3,0,2,1,2,0,1,3,1,2,3,3,0,-0.9059902211767518,51436
0,2,2,2,1,1,3,0,0,3,2,3,0,2,0,3,0,1,3,1,2,3,3,1,-0.6202006098257327,52811
0,0,2,2,1,1,3,0,1,3,3,3,0,2,1,2,0,1,3,1,2,3,3,0,-0.302544419465972,54130
0,2,2,2,1,1,3,0,0,3,2,3,1,2,0,2,0,1,3,2,2,0,3,0,-0.6202006098257327,55381
0,2,2,2,1,1,3,0,0,3,3,3,0,2,1,2,0,1,3,0,2,3,3,0,-0.6202006098257327,56727
0,2,2,2,1,0,3,0,0,3,2,3,0,2,2,2,0,1,3,1,3,3,3,0,-0.9059902211767518,57978
0,2,2,0,1,1,3,0,0,3,2,3,0,2,1,2,0,1,3,1,2,0,3,0,-0.33441099847471334,59225
0,2,0,2,1,1,3,0,0,3,2,3,0,2,0,2,0,1,3,1,2,3,3,0,-0.33441099847471334,60532
0,2,2,2,1,0,3,0,0,3,2,0,0,3,1,2,0,1,3,1,2,3,3,0,-0.46477391904580434,61796
0,2,2,2,1,1,3,0,0,3,2,3,0,2,1,2,0,1,3,1,2,0,3,3,-0.9059902211767518,62978
0,2,2,2,1,1,3,1,0,3,2,3,0,2,1,2,0,1,3,1,2,0,3,3,-0.9059902211767518,64249
0,3,2,1,1,1,3,1,0,3,3,3,0,2,0,2,0,1,3,1,2,0,3,3,-0.30150623231016094,65471
0,0,2,2,0,1,3,0,0,3,2,3,0,2,3,2,0,1,3,1,2,3,3,3,-0.5951368396168953,66688
0,2,2,2,2,1,3,1,0,3,2,3,0,2,2,2,0,1,3,1,2,0,3,3,-0.9059902211767518,67917
0,2,2,2,0,1,0,0,0,3,0,3,0,2,1,2,0,1,3,1,2,0,3,2,-0.9059902211767518,69262
0,2,2,2,1,3,1,0,0,3,2,3,0,2,0,2,0,1,3,1,2,3,3,0,-0.9059902211767518,70618
0,2,2,2,1,0,0,0,0,3,2,3,0,2,2,2,0,1,3,1,3,3,2,2,-0.9059902211767518,71987
0,2,2,2,0,1,0,0,0,3,3,3,0,3,1,2,0,0,2,1,0,0,3,1,-0.7505635303968236,73382
0,2,2,3,1,1,3,1,0,3,2,3,0,2,1,2,0,1,3,1,2,0,3,3,-0.6202006098257327,74988
0,2,2,2,1,1,0,1,0,3,0,3,0,2,3,2,0,1,3,1,2,3,3,1,-0.9059902211767518,76278
0,2,2,2,2,3,1,0,0,3,0,3,0,0,2,2,0,1,3,1,2,0,2,0,-0.5951368396168953,77581
1,3,1,3,0,1,3,1,1,0,0,2,2,1,3,1,3,1,2,2,3,3,3,3,-0.3276081896748093,77723
0,2,2,2,0,1,3,1,0,3,1,3,0,2,0,2,0,1,3,1,2,3,3,0,-0.7458717930355673,79061
0,2,2,2,1,1,3,0,0,3,3,3,0,2,2,2,0,1,3,1,2,0,3,3,-0.7458717930355673,80629
0,2,2,2,2,1,3,1,0,3,2,3,0,2,1,2,0,2,3,1,2,0,3,1,-0.7505635303968236,82378
0,3,2,2,1,1,0,0,0,3,2,3,0,2,0,2,0,1,0,1,2,0,3,2,-0.7505635303968236,84189
0,2,2,2,1,1,0,0,0,3,2,3,0,2,1,2,1,1,3,1,2,0,3,3,-0.6133978010258284,85831
0,2,2,2,1,1,3,0,0,3,2,3,0,2,0,2,0,0,3,1,2,2,3,0,-0.7505635303968236,87154
0,2,2,2,1,0,3,0,0,3,2,3,0,2,0,2,0,1,2,1,2,3,2,0,-0.7505635303968236,88512
1,0,3,2,0,2,3,0,0,3,0,3,0,0,3,0,0,3,0,3,1,0,0,0,-0.3276081896748093,89916
0,2,2,2,0,0,3,0,0,3,1,3,0,2,3,2,0,1,3,1,2,3,3,0,-0.9059902211767518,91238
0,2,0,0,1,3,0,1,3,2,1,2,2,0,0,3,2,3,1,3,2,3,2,2,-0.43383723458337,92452
0,2,2,2,1,1,0,0,0,3,2,3,0,2,1,2,0,1,3,2,2,2,3,1,-0.6202006098257327,93814
3,1,3,0,0,0,2,0,1,1,1,0,3,1,3,0,1,2,3,3,3,0,1,0,-0.19724526910371842,93955
0,2,2,2,1,0,3,0,0,3,0,3,0,2,2,2,0,1,3,1,3,3,0,2,-0.9059902211767518,95219
0,2,2,2,1,0,3,1,0,3,3,3,2,2,1,2,0,1,3,1,3,3,3,0,-0.9059902211767518,96622
0,2,2,2,0,0,3,1,0,3,2,3,0,2,2,2,0,1,3,1,2,1,3,2,-0.9059902211767518,98092
0,2,2,2,1,0,3,0,0,3,0,3,0,2,0,1,0,1,3,1,3,3,3,0,-0.6202006098257327,99489
0,2,2,2,0,0,3,3,0,3,1,3,0,2,3,2,0,1,3,1,2,3,3,0,-0.9059902211767518,100836
0,2,3,2,1,0,3,0,0,3,2,3,0,2,2,2,0,1,3,1,3,3,3,0,-0.6202006098257327,102235
0,2,2,2,2,1,3,0,0,3,0,3,1,2,0,2,0,1,3,1,2,2,3,3,-0.9059902211767518,103661
0,2,2,2,0,1,3,0,0,3,2,3,0,3,3,2,0,1,3,1,2,3,3,0,-0.7505635303968236,105465
3,0,2,0,0,1,3,1,3,2,1,1,0,3,3,1,2,2,0,0,2,1,0,2,-0.3276081896748093,105654
0,1,2,2,0,3,0,2,0,3,0,3,3,2,0,0,0,0,2,3,0,1,1,1,-0.7505635303968236,107304
0,2,2,2,2,0,1,2,0,3,0,3,0,3,1,3,0,0,0,1,1,3,0,3,-0.309347228265876,108784
0,2,2,2,0,1,0,1,0,3,2,3,2,2,1,2,0,1,2,1,2,3,3,0,-0.7505635303968236,110167
0,2,2,2,1,0,3,0,0,3,1,3,0,2,3,2,0,0,3,1,2,3,0,0,-0.7505635303968236,111631
0,0,0,1,3,3,2,1,0,3,0,2,3,0,3,2,0,3,1,2,1,0,0,0,-0.6202006098257327,113049
0,2,2,2,0,1,3,0,0,3,2,3,0,2,1,2,0,1,3,1,2,0,3,0,-0.9059902211767518,114359
0,2,2,2,0,1,3,0,0,3,2,3,0,2,0,2,0,1,3,1,2,0,0,0,-0.9059902211767518,115603
0,3,2,2,1,0,3,0,0,3,0,3,0,2,0,2,0,1,3,1,3,0,3,2,-0.7505635303968236,116839
0,2,2,2,0,2,3,0,0,3,2,3,0,2,0,2,0,1,3,1,2,3,3,0,-0.9059902211767518,118046
0,2,2,2,1,1,3,0,0,3,2,3,0,2,1,2,0,1,3,1,1,0,3,2,-0.9059902211767518,119357
0,2,2,2,2,1,3,0,0,3,2,3,0,2,1,2,0,1,3,1,1,1,3,0,-0.9059902211767518,120749
0,0,0,2,3,2,1,0,2,2,1,1,3,0,0,3,2,2,0,3,0,1,2,3,-0.22818195356615273,122064
0,0,0,1,2,3,2,3,2,2,0,0,2,1,0,3,3,1,1,3,1,3,0,1,-0.4579711102459002,123318
0,1,2,2,1,1,3,0,0,3,2,3,0,2,1,2,0,1,3,1,2,0,3,0,-0.7505635303968236,124532
0,1,2,2,1,2,3,0,0,3,0,3,0,2,0,2,0,1,3,1,2,3,3,0,-0.7505635303968236,125808
0,2,2,2,1,3,3,0,0,3,2,3,0,2,0,2,0,1,3,1,3,3,3,0,-0.9059902211767518,126958
0,2,2,2,1,1,3,1,0,3,2,3,0,2,1,2,0,1,3,1,3,0,0,2,-0.9059902211767518,127955
0,2,1,2,0,1,3,0,0,3,2,3,0,2,3,2,0,1,3,1,2,3,3,0,-0.6202006098257327,128915
0,2,2,2,0,0,3,0,0,3,3,3,0,2,3,2,0,1,3,1,2,3,3,0,-0.9059902211767518,129947
0,3,2,3,0,1,2,2,0,3,0,3,2,2,3,0,0,0,0,3,2,2,3,0,-0.46477391904580434,131057
0,2,2,2,1,3,3,1,0,3,2,2,2,2,1,2,0,1,3,1,2,3,3,1,-0.6202006098257327,132096
3,3,3,0,3,0,0,0,1,2,0,1,2,3,0,0,0,0,0,0,3,0,3,3,-0.37680583554617686,133084
0,0,0,2,0,2,2,0,0,3,1,1,2,2,1,0,0,3,0,3,0,1,0,3,-0.7505635303968236,134079
0,2,2,2,1,0,3,2,0,3,3,3,0,2,1,2,0,1,3,1,2,0,3,0,-0.9059902211767518,135155
0,2,2,2,0,0,0,0,0,3,1,3,1,2,1,2,0,1,3,1,3,3,3,0,-0.9059902211767518,136196
1,0,1,0,1,1,3,2,0,2,1,2,3,3,1,0,0,3,1,0,1,1,0,2,-0.46477391904580445,136328
0,0,2,3,3,1,1,0,0,3,3,3,2,0,3,0,0,2,3,3,0,1,3,0,-0.46477391904580434,137428
0,2,2,2,1,1,3,0,0,0,2,3,1,2,0,2,0,1,3,1,2,0,3,2,-0.7505635303968236,138543
0,2,2,2,1,1,3,0,0,2,0,3,0,2,0,2,0,1,3,1,2,0,3,3,-0.7505635303968236,139657
0,2,2,2,3,3,2,0,0,0,0,3,2,2,1,2,0,1,3,1,1,3,0,2,-0.7505635303968236,140862
0,2,2,2,0,1,0,0,0,3,3,3,0,2,0,2,0,1,3,1,2,3,3,0,-1.0661086493179361,141918
0,2,2,2,1,1,0,1,0,3,3,3,0,2,0,2,0,1,3,1,2,0,3,0,-1.0661086493179361,142960
0,2,2,2,1,1,0,0,0,3,3,3,0,3,0,2,0,1,3,1,2,0,3,0,-0.8373576797939999,143960
0,2,2,2,0,1,0,1,0,3,3,3,0,2,0,2,0,2,3,1,2,3,3,0,-0.8373576797939999,145086
0,2,2,2,0,1,0,1,0,3,3,3,0,2,0,2,0,1,3,1,2,0,3,0,-1.0661086493179361,146156
0,2,2,2,0,1,0,1,0,3,3,3,0,2,0,2,0,1,3,1,2,3,3,0,-1.0661086493179361,147171
0,2,2,2,0,0,0,0,0,0,3,3,0,2,0,2,0,1,3,1,3,0,3,0,-0.8373576797939999,148246
0,2,2,2,1,1,0,2,0,3,3,3,0,2,0,2,0,1,3,1,2,0,3,0,-1.0661086493179361,149219
0,0,2,2,1,1,0,1,0,3,3,3,0,2,0,2,0,1,3,1,2,0,3,0,-0.5816669689637272,150259
0,2,2,2,0,1,0,2,0,0,3,3,0,2,0,2,0,1,3,1,2,0,3,0,-0.8373576797939999,151352
0,3,2,2,1,1,0,2,0,3,3,3,0,2,0,2,0,1,3,1,2,0,3,0,-0.8238878091408318,152420
0,1,0,2,1,0,2,0,0,1,2,3,0,1,0,1,3,2,0,2,2,1,1,1,-0.3276081896748093,152539
0,2,2,3,1,1,0,1,0,2,3,3,0,2,0,2,0,1,3,1,2,0,3,0,-0.571002963954365,153692
0,2,2,2,0,1,0,2,0,3,3,3,0,2,0,2,0,1,3,0,2,0,3,0,-0.8373576797939999,154744
0,2,2,2,0,1,0,1,0,3,3,3,0,2,0,3,0,1,3,1,2,0,3,0,-0.56316196799865,155837
0,2,2,2,0,1,0,1,0,2,3,3,0,2,0,2,0,0,3,1,2,3,3,0,-1.0661086493179361,156886
0,2,2,2,1,0,0,2,0,3,3,3,0,0,0,2,0,1,3,1,3,0,0,0,-0.6086067102700634,157961
2,0,2,3,2,1,1,1,3,3,1,0,1,0,1,2,1,3,3,0,3,2,1,0,-0.425996238627655,158079
0,2,2,2,1,1,0,1,0,2,3,3,0,2,3,2,0,0,3,1,3,3,3,0,-0.8238878091408318,159155
0,2,2,2,0,2,0,1,0,2,3,3,0,2,0,2,0,0,3,1,0,0,3,0,-1.0661086493179361,160290
1,3,2,0,0,3,0,1,3,2,2,0,0,0,3,2,3,1,1,2,1,2,0,0,-0.3276081896748093,160413
0,2,2,2,0,2,0,1,0,2,3,3,1,2,0,2,0,0,3,1,0,2,3,0,-1.0661086493179361,161505
0,2,2,2,0,1,0,1,0,2,3,3,0,2,0,2,0,0,2,1,2,3,3,2,-0.8238878091408318,162523
0,2,1,2,0,2,0,2,0,2,3,3,3,2,0,2,0,2,3,1,0,1,0,3,-0.053320367274840075,163553
0,2,2,2,0,2,0,1,0,2,3,3,3,2,0,2,0,0,3,1,0,2,3,0,-1.0661086493179361,164588
0,2,2,2,0,2,0,1,0,0,3,3,0,2,0,2,0,0,3,1,1,3,2,3,-0.6086067102700634,165667
0,2,2,2,0,2,0,1,0,2,3,3,3,2,0,2,0,2,3,1,0,0,3,0,-0.6086067102700634,166699
0,2,2,2,0,2,0,1,0,2,3,3,1,3,0,2,0,0,3,1,0,2,3,0,-1.0661086493179361,167736
0,2,2,2,0,2,0,1,0,2,3,3,3,2,0,2,0,0,3,1,1,0,3,0,-1.0661086493179361,168795
0,2,2,2,0,2,0,1,0,2,3,3,1,2,0,2,0,0,3,1,0,2,0,0,-1.0661086493179361,169846
1,2,0,3,1,1,3,2,1,1,3,1,2,3,0,1,0,3,2,0,0,1,2,3,-0.3276081896748093,169977
0,2,2,2,0,2,0,1,0,2,3,3,0,2,0,2,0,0,3,1,0,0,3,1,-1.0661086493179361,171064
2,3,1,1,0,0,1,0,2,2,0,0,2,3,1,1,3,2,3,0,0,0,1,0,-0.3276081896748093,171192
2,1,2,0,2,3,3,3,1,0,0,0,0,1,2,1,1,2,2,3,0,0,3,1,-0.30934722826587613,171312
0,2,3,2,0,3,0,1,0,2,3,3,0,2,0,2,0,0,3,1,0,0,0,0,-0.8373576797939999,172369
0,2,2,2,0,2,0,1,0,2,3,3,3,2,0,2,0,0,3,1,0,2,3,2,-1.0661086493179361,173472
2,1,1,2,0,2,1,2,3,0,0,3,2,0,1,1,2,3,2,2,1,1,0,3,-0.3276081896748093,173606
0,2,2,2,0,0,0,1,0,2,3,3,2,3,0,2,0,0,3,0,0,1,1,0,-0.8373576797939999,174732
0,3,2,2,0,2,0,1,0,1,3,3,1,3,0,2,0,0,3,3,0,3,3,0,-0.17898430769478513,175858
0,3,2,2,0,2,0,1,0,1,3,3,1,3,0,2,0,0,3,1,0,2,3,0,-0.7505635303968236,176985
0,0,2,3,0,2,2,0,0,1,0,0,3,3,2,3,0,2,0,2,1,3,0,2,-0.309347228265876,177112
0,2,3,2,0,2,0,1,0,2,3,3,3,2,0,2,0,0,3,1,0,2,3,0,-0.8373576797939999,178286
0,2,2,2,0,2,0,1,0,3,3,3,0,2,0,2,0,1,3,1,1,0,0,0,-1.0661086493179361,179368
0,2,2,2,0,3,0,0,0,3,3,2,3,2,0,2,0,1,3,1,2,0,3,0,-0.56316196799865,180428
0,2,2,2,0,2,0,1,0,2,3,3,1,3,1,2,0,1,2,1,0,2,3,0,-0.7505635303968236,181478
0,2,2,2,0,2,0,1,0,2,3,3,1,3,0,2,0,0,3,1,2,3,3,0,-1.0661086493179361,182701
0,2,2,2,0,3,0,1,0,3,3,3,0,2,0,2,0,1,3,1,2,0,3,0,-1.0661086493179361,184034
0,2,2,2,0,2,0,1,0,2,3,3,1,0,0,2,0,1,3,1,0,2,3,0,-0.8373576797939999,185537
2,1,1,3,1,2,2,0,1,1,2,1,1,1,3,2,1,2,2,1,1,0,3,1,-0.3276081896748093,185703
0,2,2,2,0,2,0,2,0,3,3,3,0,2,0,2,0,0,3,1,0,3,2,3,-0.8373576797939999,186900
0,0,2,3,0,2,0,1,0,2,3,3,1,2,0,2,0,0,3,1,0,2,3,0,-0.12195290865759195,188288
0,1,2,2,0,2,0,1,0,2,3,3,1,2,0,2,0,1,3,1,0,2,3,0,-0.7505635303968236,189612
0,2,2,2,0,2,0,1,0,2,3,3,1,2,0,1,0,0,3,1,0,2,3,0,-0.8075949294340168,190871
0,3,2,2,0,1,0,1,0,2,3,3,0,2,0,2,0,0,3,1,0,0,0,3,-0.9059902211767518,192121
0,3,2,2,0,1,0,1,0,2,3,3,0,2,0,2,0,0,3,1,2,3,3,0,-0.9059902211767518,193284
0,2,2,2,1,2,0,1,0,2,3,3,3,2,0,2,0,0,3,1,0,2,3,0,-1.0661086493179361,194524
0,2,2,2,0,2,0,1,0,3,3,3,1,1,0,2,0,0,3,1,0,2,3,0,-0.8373576797939999,195703
0,2,2,2,0,2,0,1,1,2,3,3,0,2,0,2,0,0,3,1,0,0,3,0,-0.8075949294340168,196947
0,2,2,2,0,2,0,1,0,3,3,3,3,2,0,2,0,1,3,1,2,0,3,0,-1.0661086493179361,198160
0,2,2,2,0,2,0,1,0,2,3,3,3,2,0,2,0,0,3,1,0,0,3,0,-1.0661086493179361,199406
0,2,2,2,1,3,0,1,0,3,3,3,3,2,0,2,0,1,3,1,3,0,3,0,-1.0661086493179361,200808
0,2,2,2,0,3,0,1,0,3,3,3,1,2,0,2,0,1,3,1,2,0,3,0,-1.0661086493179361,202104
0,3,2,3,3,3,1,1,2,1,1,3,1,0,1,2,0,3,1,3,1,1,1,3,-0.1904424603038143,202275
0,2,2,2,0,0,0,1,0,2,3,3,3,2,0,2,0,0,3,1,0,0,3,0,-1.0661086493179361,203594
0,2,2,2,0,1,0,2,0,3,3,3,3,2,0,1,0,1,3,1,2,0,3,0,-0.56316196799865,204992
0,3,2,2,0,2,0,1,0,2,3,3,1,2,0,2,0,0,3,1,0,2,3,0,-0.9059902211767518,206270
0,2,2,2,0,0,0,1,0,3,3,3,3,2,0,2,0,1,3,1,2,0,0,0,-1.0661086493179361,207530
0,0,0,3,0,1,3,3,0,3,1,1,3,3,1,0,0,2,1,3,3,2,3,3,-0.46477391904580434,207678
0,2,2,2,1,2,0,2,0,2,3,3,3,2,0,2,0,0,3,1,0,0,3,0,-1.0661086493179361,208993
0,2,2,2,0,2,0,2,0,2,0,3,3,3,0,2,0,0,3,1,0,2,3,0,-0.8238878091408318,210256
0,2,2,2,1,1,0,2,0,3,3,3,3,2,0,2,0,1,3,1,3,0,3,0,-1.0661086493179361,211503
0,2,2,2,2,2,0,1,0,2,3,3,3,2,0,2,0,0,3,1,0,0,3,0,-1.0661086493179361,212753
0,2,2,0,0,2,0,1,0,2,3,3,0,2,0,2,0,0,3,1,0,0,3,1,-0.549081209550097,214099
0,3,2,2,2,0,0,3,2,2,3,3,3,2,0,2,0,0,3,0,2,0,1,1,-0.035015769523885965,215368
0,2,2,2,1,1,0,1,0,3,3,3,0,2,0,2,0,1,3,1,2,0,0,0,-1.0661086493179361,216722
0,2,2,2,0,2,0,1,0,2,3,3,1,2,0,2,0,0,3,2,0,0,3,0,-0.8373576797939999,217900
0,3,2,2,0,2,0,1,0,2,3,3,3,2,0,2,0,0,3,0,0,0,3,2,-0.6202006098257327,219302
0,2,2,2,0,2,0,0,0,2,3,3,0,2,0,2,0,0,3,1,0,3,3,0,-1.0661086493179361,220581
0,2,2,1,0,1,3,0,1,1,1,3,2,0,2,2,1,3,0,0,2,3,1,1,-0.43383723458337003,220751
0,2,2,2,2,2,0,2,0,2,3,3,3,2,0,2,0,0,0,1,0,0,3,0,-0.8238878091408318,222024
0,2,0,2,0,2,0,1,0,2,3,3,0,2,0,2,0,0,3,1,0,0,3,0,-0.6086067102700634,223359
0,2,2,2,0,2,1,1,0,2,3,3,0,3,0,2,0,0,3,1,2,3,0,0,-1.0661086493179361,224671
1,2,2,2,2,0,0,0,0,3,3,3,2,2,0,2,0,1,3,1,2,3,3,2,-0.8075949294340168,225996
0,2,2,2,0,3,0,1,0,3,3,3,0,2,0,2,2,1,3,1,2,3,3,0,-0.581666968963727,227308
0,2,2,2,1,1,0,2,0,3,3,3,3,2,0,2,0,1,3,1,2,0,0,0,-1.0661086493179361,228438
0,2,2,2,0,2,0,1,0,2,3,3,3,2,0,2,0,0,3,1,0,2,3,1,-1.0661086493179361,229662
0,2,2,2,3,2,1,3,0,2,3,3,2,3,0,2,0,1,2,1,1,1,0,2,-0.7505635303968236,230975
0,2,2,2,0,0,0,1,0,2,3,3,3,3,0,2,0,0,3,2,0,2,3,0,-0.8373576797939999,232293
0,2,2,2,0,2,1,1,0,2,3,3,1,3,0,2,0,1,3,1,2,2,3,0,-0.8373576797939999,233593
1,2,2,2,1,0,0,1,0,2,3,3,3,2,0,2,0,0,3,1,0,3,3,0,-0.8238878091408317,234959
0,2,2,2,0,2,0,1,0,2,3,3,1,3,0,2,0,0,3,1,3,2,3,0,-1.0661086493179361,236294
0,2,2,2,0,2,0,1,0,3,3,3,0,2,0,2,0,1,3,1,0,0,3,0,-1.0661086493179361,237596
0,2,2,2,2,1,0,1,0,3,3,3,3,2,0,2,0,1,3,1,2,1,3,1,-1.0661086493179361,238889
0,2,2,2,1,0,0,1,0,3,3,3,0,2,0,2,0,1,3,1,2,0,3,0,-1.0661086493179361,240127
0,2,2,2,1,2,0,0,0,2,3,3,1,2,0,2,0,0,3,1,0,3,3,0,-1.0661086493179361,241411
0,2,2,2,0,2,0,3,0,2,3,3,0,2,0,2,0,0,3,1,0,0,3,0,-1.0661086493179361,242696
0,2,2,2,1,1,0,1,0,3,3,3,0,2,0,2,0,1,3,1,2,0,3,2,-1.0661086493179361,244022
0,2,2,2,1,0,0,2,0,3,3,3,0,2,0,2,0,1,3,1,0,0,3,0,-1.0661086493179361,245246
0,3,3,2,0,3,1,1,0,2,3,3,3,2,0,2,0,0,3,2,2,1,0,2,-0.6202006098257327,246581
0,2,2,2,0,2,0,0,0,2,3,3,1,2,0,2,0,0,3,1,0,2,3,1,-1.0661086493179361,247855
0,2,2,2,0,1,0,0,0,2,3,3,0,2,0,2,0,1,3,1,2,3,3,0,-0.8373576797939999,249237
0,2,2,2,3,2,0,0,0,2,3,3,3,2,0,2,0,0,3,1,0,2,3,0,-1.0661086493179361,250613
0,2,2,2,0,2,0,1,0,2,3,3,3,3,0,2,0,1,3,1,3,2,3,2,-0.8373576797939999,252021
0,2,2,2,0,2,0,1,0,2,3,3,1,3,0,2,0,0,3,1,0,3,3,0,-1.0661086493179361,253390
0,2,2,2,1,2,0,0,0,2,3,3,3,2,0,2,0,1,3,1,2,2,0,2,-0.8373576797939999,254762
0,2,2,2,1,2,0,1,0,3,3,3,3,2,0,2,0,0,3,1,0,0,3,3,-0.8373576797939999,256147
0,2,2,2,1,0,0,1,0,3,3,3,0,2,0,2,0,1,3,1,3,0,0,0,-1.0661086493179361,257568
0,2,2,2,0,2,0,1,0,2,3,3,0,2,0,2,0,1,3,1,2,0,3,0,-0.8373576797939999,258865
3,1,2,0,3,0,3,2,0,1,3,0,3,1,3,3,2,2,3,1,0,2,3,1,-0.37680583554617686,259029
0,2,2,2,1,0,0,3,0,3,3,3,3,2,0,2,0,1,3,1,0,0,1,0,-1.0661086493179361,260330
0,2,2,1,0,2,0,1,0,3,3,3,1,3,0,2,0,0,3,1,0,2,3,0,-0.571002963954365,261647
2,2,2,2,1,1,0,1,0,3,3,3,0,2,0,2,0,1,3,1,2,0,3,2,-0.5490812095500972,263059
3,0,1,1,3,0,3,0,1,3,3,3,2,2,2,2,3,2,2,1,0,0,1,0,-0.27841054380344177,263225
0,2,2,2,1,2,0,1,0,2,3,3,0,2,0,2,0,0,3,1,3,1,3,0,-1.0661086493179361,264582
0,2,2,2,0,2,0,1,0,2,3,3,0,2,0,2,0,0,3,1,2,2,3,0,-1.0661086493179361,265920
1,0,2,2,1,0,0,1,0,2,3,3,1,3,0,2,0,1,3,2,0,3,2,2,-0.19044246030381418,267299
0,2,2,2,0,2,1,1,0,2,3,3,1,2,2,2,0,0,3,1,0,2,0,3,-0.5816669689637272,268690
0,2,2,2,0,2,0,2,0,2,3,3,0,3,0,2,0,0,3,1,3,0,3,0,-1.0661086493179361,270208
0,1,1,1,1,2,3,0,1,1,1,1,1,1,2,3,3,3,2,0,0,1,2,0,-0.19044246030381418,270420
0,2,2,2,0,1,0,1,0,2,3,3,2,2,0,2,0,0,3,1,2,1,3,3,-1.0661086493179361,271859
0,2,2,2,0,1,0,0,0,3,3,3,0,2,0,2,0,1,3,1,0,2,3,3,-1.0661086493179361,273337
0,2,2,2,0,1,0,0,0,3,3,3,0,2,0,2,0,1,3,1,3,0,0,3,-1.0661086493179361,274648
0,2,1,2,0,1,0,1,0,2,1,3,3,2,0,2,0,0,3,1,2,3,3,0,-0.5653740892569119,276025
0,2,2,2,0,2,0,0,0,3,3,3,0,3,0,2,0,0,3,1,2,3,3,0,-0.8373576797939999,277423
0,2,2,2,0,2,0,1,0,2,3,3,1,2,1,2,0,0,3,1,0,2,0,0,-0.8238878091408318,278841
0,2,2,2,0,1,0,0,0,3,3,3,0,2,0,2,0,1,3,1,0,0,3,0,-1.0661086493179361,280170
0,2,2,2,0,1,0,1,0,2,2,3,0,2,0,2,0,0,3,1,0,0,3,2,-0.8238878091408318,281601
0,2,3,2,1,1,0,0,0,3,3,3,0,2,0,2,0,1,3,2,2,0,3,2,-0.6086067102700634,282998
0,2,2,2,0,1,0,1,0,2,3,3,1,2,0,2,0,0,3,1,2,3,3,3,-1.0661086493179361,284438
0,2,2,2,1,2,0,1,0,2,3,3,0,3,0,2,0,0,3,1,2,0,3,0,-1.0661086493179361,285764
0,2,2,2,0,2,0,0,0,2,3,3,0,2,0,2,0,1,3,1,0,3,3,0,-0.8373576797939999,287084
0,2,2,2,1,2,0,1,0,2,3,3,1,3,0,2,0,0,3,1,3,2,3,0,-1.0661086493179361,288432
1,0,2,0,0,1,2,0,3,0,1,0,1,0,1,1,3,1,1,1,3,2,1,0,-0.3276081896748093,288599
0,2,2,2,0,0,0,0,0,3,3,3,0,2,0,2,0,1,3,1,0,0,3,0,-1.0661086493179361,290079
0,2,2,2,0,1,0,1,0,3,3,3,1,2,0,2,0,1,3,0,2,0,3,3,-0.8373576797939999,291562
0,3,2,2,2,3,1,2,0,0,3,3,2,2,0,2,0,2,3,1,3,3,0,1,-0.9059902211767518,293065
0,2,2,2,1,0,0,0,0,2,3,3,1,2,0,2,0,0,3,1,0,3,3,3,-1.0661086493179361,294615
0,2,2,2,0,1,0,0,0,2,3,3,1,2,0,2,0,0,3,1,0,3,3,2,-1.0661086493179361,296104
0,2,2,2,0,2,0,3,0,2,3,3,3,2,0,2,0,0,3,1,0,0,3,0,-1.0661086493179361,297745
0,2,2,2,0,2,1,1,0,2,3,3,0,2,0,2,0,0,3,1,2,3,0,1,-1.0661086493179361,299263
0,2,2,2,0,2,2,0,0,2,3,3,0,2,0,2,0,0,3,1,2,0,0,0,-1.0661086493179361,300757
0,2,2,2,0,2,1,0,0,2,3,3,0,2,0,2,0,0,3,1,1,0,3,0,-1.0661086493179361,302147
0,2,2,2,0,2,3,0,0,2,3,3,0,2,0,2,0,0,3,1,2,0,0,0,-1.0661086493179361,303537
0,2,2,2,0,2,1,0,0,2,3,3,2,2,0,2,0,0,3,1,0,3,3,0,-1.0661086493179361,304929
0,3,2,2,1,0,1,1,0,3,3,3,2,2,0,2,0,3,3,1,1,1,3,2,-0.6772392516528154,306480
2,0,2,1,2,0,2,0,3,1,3,3,0,1,3,0,3,3,2,1,0,2,1,2,-0.43383723458337003,307000
0,2,2,2,0,2,1,0,0,2,3,3,1,2,0,2,0,0,3,1,0,2,3,0,-1.0661086493179361,309683
0,2,2,2,0,2,3,1,0,1,3,3,1,2,0,2,0,0,3,1,0,3,3,0,-0.8373576797939999,312572
0,2,2,2,0,0,1,0,0,3,3,3,0,2,0,2,0,0,3,1,0,0,3,0,-0.8373576797939999,315464
0,2,2,2,0,1,0,0,0,3,3,3,0,2,0,2,0,2,3,1,2,0,3,3,-0.8373576797939999,317473
0,2,2,2,0,1,1,1,0,2,3,3,1,2,0,2,0,0,3,1,2,2,3,3,-1.0661086493179361,318898
0,2,2,2,0,2,1,0,0,2,3,3,3,2,0,2,0,0,3,1,0,3,3,0,-1.0661086493179361,320551
0,2,2,2,0,1,1,1,0,2,3,3,1,2,0,2,0,0,3,1,0,2,0,2,-1.0661086493179361,322231
0,2,2,2,2,1,0,1,0,3,3,3,0,2,0,2,0,1,3,1,0,3,3,0,-1.0661086493179361,324042
0,2,2,2,0,0,0,2,0,2,3,3,1,3,0,2,0,0,3,3,0,3,3,0,-0.6086067102700634,325693
0,2,1,2,3,0,3,0,0,2,3,3,3,0,1,3,0,0,3,1,0,3,0,1,-0.701365884525456,327574
0,2,2,2,3,2,0,1,0,2,3,3,1,2,0,2,0,0,3,1,0,2,1,0,-1.0661086493179361,329372
0,2,2,2,0,0,0,0,0,2,3,3,0,2,0,2,0,0,3,1,0,0,3,2,-1.0661086493179361,330950
0,2,2,2,0,3,1,0,0,3,3,3,0,2,0,2,0,1,3,1,0,0,3,0,-1.0661086493179361,332558
0,2,2,2,0,2,1,1,0,2,3,3,0,3,0,2,0,0,3,1,2,0,3,0,-1.0661086493179361,334140
0,2,2,2,0,0,2,1,0,2,3,3,1,3,0,2,0,0,3,1,0,0,3,0,-1.0661086493179361,335662
0,2,2,2,0,2,0,0,0,2,3,3,0,2,0,2,0,0,3,1,0,2,3,0,-1.0661086493179361,337086
0,2,3,2,0,2,3,1,0,2,3,3,1,3,0,2,0,0,3,1,0,2,0,0,-0.8373576797939999,338517
0,2,2,2,0,3,0,1,0,2,3,3,0,2,0,2,0,0,3,1,2,2,3,0,-1.0661086493179361,340090
0,2,2,2,0,3,0,1,0,3,3,3,0,2,0,2,0,1,3,1,2,3,3,0,-1.0661086493179361,341623
0,2,2,2,1,1,1,1,0,3,3,3,0,2,0,2,0,1,3,1,3,1,0,0,-1.0661086493179361,343175
0,2,2,2,0,0,0,2,0,3,3,3,0,2,0,2,0,1,3,1,2,3,3,0,-1.0661086493179361,344572
0,2,2,2,0,2,0,3,0,2,3,3,0,2,0,2,0,0,3,1,0,0,3,1,-1.0661086493179361,346379
0,2,2,2,2,2,1,1,0,2,3,3,1,3,0,2,0,0,3,1,2,2,3,0,-1.0661086493179361,348277
0,3,3,2,2,3,2,0,0,1,3,3,1,2,0,2,0,0,2,1,1,0,3,0,-0.46477391904580434,350170
0,2,2,2,0,2,3,0,0,2,3,3,0,2,0,2,0,0,3,1,0,0,3,2,-1.0661086493179361,352091
0,2,2,2,2,3,2,0,0,1,0,3,3,2,0,2,0,3,2,1,3,2,2,0,-0.7505635303968236,354033
0,2,2,2,0,1,0,2,0,3,3,3,3,2,0,2,0,1,3,1,2,0,3,1,-1.0661086493179361,355926
0,2,2,2,1,2,2,1,0,2,3,3,0,3,0,2,0,0,3,1,0,0,3,0,-1.0661086493179361,357740
0,2,2,2,2,1,3,2,0,3,3,3,0,2,0,2,0,1,3,1,2,0,3,0,-1.0661086493179361,359580
0,2,2,2,0,3,2,1,0,3,3,3,1,2,0,2,0,1,3,1,0,0,3,2,-1.0661086493179361,361367
0,2,2,2,0,1,0,1,0,2,3,3,3,2,0,2,0,0,3,1,2,3,3,3,-1.0661086493179361,363228
0,2,2,2,1,1,0,2,0,3,3,3,0,2,0,2,0,1,3,1,2,2,0,0,-1.0661086493179361,365032
0,2,2,2,0,1,0,0,0,2,3,3,0,2,0,2,0,0,3,1,0,3,3,0,-1.0661086493179361,366741
0,1,2,2,0,2,0,2,0,2,3,3,0,2,0,2,0,0,3,1,0,0,0,3,-0.9059902211767518,368297
0,1,2,2,1,0,2,1,0,2,3,3,1,3,0,2,0,0,3,1,0,2,3,2,-0.9059902211767518,369793
0,2,2,2,0,0,3,1,0,2,3,3,1,2,0,2,0,0,3,1,0,2,3,1,-1.0661086493179361,371244
0,2,2,2,0,0,0,0,0,2,3,3,0,2,0,2,0,0,3,1,0,0,3,0,-1.0661086493179361,372640
0,2,2,2,0,1,3,1,0,2,3,3,0,2,0,2,0,0,3,1,2,0,3,0,-1.0661086493179361,374129
0,2,2,2,0,2,0,1,0,2,3,3,0,2,0,2,0,0,3,1,2,0,3,0,-1.0661086493179361,375589
0,2,2,2,0,2,3,1,0,2,3,3,2,2,0,2,1,0,3,1,0,2,1,0,-0.8238878091408317,377088
0,2,2,2,1,1,0,0,0,3,3,3,0,2,0,2,0,1,3,1,0,3,3,0,-1.0661086493179361,378566
0,3,2,2,0,0,0,1,0,3,3,3,1,3,0,2,0,0,3,1,0,3,3,0,-0.7505635303968236,380032
0,2,2,2,0,0,0,0,0,3,3,3,0,2,0,2,0,1,3,1,3,0,3,0,-1.0661086493179361,381458
0,2,2,2,1,1,0,0,0,3,3,3,0,2,0,2,0,1,3,1,2,2,3,3,-1.0661086493179361,382891
0,2,2,2,1,2,2,0,0,3,3,3,0,2,0,2,0,1,3,1,2,3,3,0,-1.0661086493179361,384468
0,2,2,2,0,0,0,0,0,2,3,3,0,2,0,2,0,0,3,1,2,3,3,0,-1.0661086493179361,386293
0,2,2,2,0,2,1,0,0,3,3,3,0,2,0,2,0,1,3,1,0,3,0,0,-1.0661086493179361,387919
0,1,2,2,2,1,1,2,0,3,3,3,0,2,0,2,0,2,3,0,2,3,3,2,-0.46477391904580434,389448
0,2,2,2,0,1,0,0,0,2,3,3,0,2,0,2,0,0,3,1,2,3,3,0,-1.0661086493179361,391048
0,3,2,2,3,2,1,3,0,0,3,3,1,0,0,2,0,1,3,1,0,1,0,2,-0.7505635303968236,392600
0,2,1,2,2,2,0,2,0,2,3,3,1,2,0,2,0,0,3,1,3,2,3,0,-0.8373576797939999,394156
0,2,2,2,1,0,0,2,0,3,3,3,0,2,0,2,0,1,3,1,2,0,0,0,-1.0661086493179361,395785
0,2,2,2,0,2,1,1,0,2,3,3,1,3,0,2,0,0,3,1,0,2,3,3,-1.0661086493179361,397337
0,2,3,2,1,1,3,3,0,1,3,3,3,1,0,2,0,3,3,1,0,0,0,3,-0.44533902353442,398886
0,2,2,2,1,1,0,0,0,3,3,3,3,2,0,2,0,1,3,1,2,3,3,0,-1.0661086493179361,400359
0,2,2,2,0,2,3,1,0,3,3,3,0,2,0,2,0,1,3,1,0,0,3,0,-1.0661086493179361,401887
0,2,2,2,0,3,0,0,0,2,3,3,0,2,0,2,0,0,3,1,1,3,3,0,-1.0661086493179361,403452
1,3,2,3,2,0,2,0,0,2,1,3,0,2,0,2,0,3,0,2,2,2,3,0,-0.3276081896748093,403625
0,2,2,2,0,0,0,1,0,2,3,3,1,3,0,2,0,0,3,1,1,2,3,1,-1.0661086493179361,405045
0,2,2,2,0,0,2,3,0,3,3,3,3,2,3,2,1,0,3,1,2,3,3,0,-0.4579711102459002,406472
0,2,2,2,1,2,3,1,0,2,3,3,1,2,0,2,0,0,3,1,0,0,3,2,-1.0661086493179361,407950
0,2,2,2,0,0,0,0,0,2,3,3,1,2,0,2,0,0,3,1,2,2,3,2,-1.0661086493179361,409415
0,2,2,2,0,1,0,0,0,3,3,3,3,2,0,2,0,1,3,1,2,3,0,0,-1.0661086493179361,410821
0,2,2,2,0,1,0,0,0,3,3,3,3,2,0,2,0,1,3,1,2,0,3,3,-1.0661086493179361,412193
0,1,2,2,0,0,3,1,0,1,2,3,0,3,0,2,0,0,3,0,0,0,1,0,-0.309347228265876,413685
2,3,2,0,3,0,3,0,3,2,3,3,2,0,3,2,3,2,3,1,1,2,2,3,-0.19724526910371842,413893
3,2,0,0,1,2,2,2,2,1,1,2,3,0,3,3,2,0,2,3,2,0,2,1,-0.37680583554617686,414107
0,2,2,2,0,1,1,2,0,2,3,3,0,3,0,2,0,0,3,1,2,0,3,0,-1.0661086493179361,415612
0,2,2,2,0,2,1,1,0,2,3,3,3,2,0,2,0,0,3,1,2,0,3,2,-1.0661086493179361,417031
2,2,1,2,2,2,2,3,3,3,3,0,3,0,2,1,2,0,3,0,1,0,2,1,-0.3276081896748093,417222
0,2,2,2,0,3,1,1,0,2,3,3,0,3,0,2,0,0,3,1,0,2,3,3,-1.0661086493179361,418719
0,2,2,2,3,2,0,0,0,3,3,3,1,2,0,2,0,1,3,1,2,3,3,2,-1.0661086493179361,420172
0,2,2,2,0,1,0,0,0,3,3,3,3,2,0,2,0,1,3,1,2,0,0,2,-1.0661086493179361,421617
0,2,2,2,0,0,0,3,3,2,3,3,3,2,0,2,0,0,3,1,0,2,3,0,-0.8075949294340168,423036
0,2,2,2,0,1,3,3,0,3,3,3,0,2,0,2,0,1,3,1,2,0,3,0,-1.0661086493179361,424427
0,2,2,2,0,2,0,1,0,3,3,3,1,2,0,2,0,1,3,1,0,3,3,2,-1.0661086493179361,425845
0,2,2,2,1,2,0,1,0,3,3,3,3,2,0,2,0,1,3,1,0,2,3,2,-1.0661086493179361,427406
0,2,2,2,0,0,2,3,1,2,3,3,2,3,0,2,0,0,3,1,0,0,3,0,-0.8075949294340168,428905
0,2,2,2,0,0,0,1,1,2,3,3,0,3,0,2,0,0,3,1,2,3,3,0,-0.8075949294340168,430466
0,2,2,2,0,2,2,1,0,2,3,3,3,2,0,2,0,0,3,1,0,3,3,0,-1.0661086493179361,432329
0,2,2,2,1,1,3,0,0,3,3,3,0,2,0,2,0,1,3,1,0,3,0,3,-1.0661086493179361,433770
0,2,2,2,0,2,0,2,0,3,3,3,0,2,0,2,0,1,3,1,2,3,3,0,-1.0661086493179361,435245
0,2,2,2,0,0,0,0,0,3,3,3,0,2,0,2,0,1,3,1,2,3,3,0,-1.0661086493179361,436790
0,2,2,2,0,0,1,0,0,3,3,3,0,2,0,2,0,1,3,1,0,3,3,0,-1.0661086493179361,438201
0,2,2,2,0,1,1,0,0,3,3,3,0,2,0,2,0,1,3,1,0,0,0,0,-1.0661086493179361,439608
0,2,2,2,0,2,1,0,0,3,3,3,0,2,0,2,0,1,3,1,0,0,3,0,-1.0661086493179361,441127
0,2,2,2,2,0,0,3,0,2,3,3,3,2,0,2,0,0,3,1,0,2,3,0,-1.0661086493179361,442744
0,2,2,2,0,0,1,0,0,3,3,3,0,2,0,2,0,1,3,1,2,3,3,0,-1.0661086493179361,444235
0,1,0,1,2,2,3,0,0,0,3,3,0,3,0,1,0,3,1,1,0,0,2,0,-0.46477391904580434,445787
0,3,0,2,0,0,0,1,0,2,3,3,1,2,0,2,0,1,3,1,2,3,1,3,-0.17898430769478513,447191
0,2,2,2,1,1,1,0,0,3,3,3,2,2,0,2,0,1,3,1,0,0,3,0,-1.0661086493179361,448659
0,2,2,2,1,1,3,0,0,3,3,3,0,2,0,2,0,1,3,1,2,0,3,1,-1.0661086493179361,450154
0,2,2,2,1,2,1,2,0,3,3,3,3,2,0,2,0,1,3,1,3,0,3,0,-1.0661086493179361,451834
0,2,2,2,0,0,0,1,0,2,3,3,0,3,0,2,0,0,3,1,2,0,3,0,-1.0661086493179361,453927
3,2,0,0,3,3,2,1,0,1,1,3,2,2,0,1,3,2,2,3,1,0,2,1,-0.37680583554617686,454215
0,2,2,2,0,1,0,0,0,2,3,3,3,2,0,2,0,0,3,1,2,2,3,0,-1.0661086493179361,455951
0,3,2,2,3,1,0,3,0,2,3,3,0,2,0,2,0,0,3,1,3,0,0,0,-0.9059902211767518,457699
0,2,2,2,1,1,1,1,0,2,3,3,0,2,0,2,0,1,3,1,2,0,3,3,-0.8373576797939999,459241
0,2,1,2,0,2,1,1,0,2,3,3,1,2,0,2,0,0,3,1,0,2,3,3,-0.8373576797939999,460905
0,2,2,2,0,1,1,1,0,3,3,3,0,2,0,2,0,1,3,1,2,1,3,3,-1.0661086493179361,462220
0,2,2,2,0,1,0,1,0,3,3,3,0,2,0,2,0,1,3,1,3,2,0,2,-1.0661086493179361,463543
0,2,2,2,0,2,0,0,0,3,3,3,3,2,0,2,0,1,3,1,0,3,3,0,-1.0661086493179361,464822
0,2,2,2,1,1,0,0,0,3,3,3,3,2,0,2,0,1,3,1,2,0,0,2,-1.0661086493179361,466063
0,2,2,2,1,1,0,0,0,3,3,3,0,2,0,2,0,1,3,1,2,0,2,0,-1.0661086493179361,467312
0,2,2,2,0,1,0,1,0,3,3,3,0,2,0,2,0,1,3,1,0,3,0,3,-1.0661086493179361,468562
0,2,2,2,1,2,0,1,0,2,3,3,3,2,0,2,0,0,3,1,0,2,2,2,-1.0661086493179361,469848
0,2,2,2,1,0,0,0,0,3,3,3,3,2,0,2,0,0,3,1,2,3,3,3,-0.8373576797939999,471153
0,1,1,1,3,0,0,0,3,0,3,2,2,3,2,3,3,1,2,0,2,3,1,3,-0.22137914476624865,471367
0,2,2,2,0,0,0,1,0,2,3,3,1,2,0,2,0,1,3,1,0,3,0,3,-0.8373576797939999,472769
0,2,2,2,0,3,1,0,0,3,3,3,0,2,0,2,0,1,3,1,2,3,3,0,-1.0661086493179361,474021
0,2,2,2,1,2,0,1,0,2,3,3,1,3,0,2,0,0,3,1,0,2,3,3,-1.0661086493179361,475313
0,2,2,2,0,0,2,0,0,2,3,3,0,2,0,2,0,0,3,1,2,0,0,0,-1.0661086493179361,476609
0,2,2,2,2,1,0,0,0,2,3,3,1,2,0,2,0,0,3,1,2,3,3,0,-1.0661086493179361,477865
0,2,2,2,3,2,0,1,0,2,3,3,0,2,0,2,0,0,3,1,2,0,3,2,-1.0661086493179361,479104
0,2,2,2,0,0,1,0,0,2,3,3,0,2,0,2,0,0,3,1,0,0,3,2,-1.0661086493179361,480416
0,3,3,2,0,1,0,2,3,2,3,3,0,2,0,2,0,0,3,1,3,3,3,0,-0.3276081896748093,481745
0,2,2,2,0,1,0,0,0,3,3,3,0,2,0,2,0,1,3,1,2,3,3,2,-1.0661086493179361,482989
0,2,2,2,0,1,2,1,0,3,3,3,2,2,0,2,0,1,3,1,2,1,2,3,-1.0661086493179361,484316
0,2,2,2,0,3,0,0,0,3,3,3,0,2,0,2,0,1,3,1,0,3,3,0,-1.0661086493179361,485962
0,2,2,2,0,0,1,0,0,3,3,3,0,2,0,2,0,1,3,1,2,3,3,3,-1.0661086493179361,487423
0,2,2,2,0,2,3,1,0,2,3,3,3,2,0,2,0,0,3,1,0,2,3,0,-1.0661086493179361,488866
0,2,2,2,1,1,2,0,0,3,3,3,0,2,0,2,0,1,3,1,2,3,0,3,-1.0661086493179361,490364
0,2,2,2,0,1,0,1,0,2,3,3,0,3,0,2,0,0,3,1,2,3,3,0,-1.0661086493179361,491819
0,1,2,0,0,0,1,2,0,3,3,3,2,3,0,2,0,2,3,1,3,2,1,3,-0.17898430769478513,493116
0,2,2,2,0,1,1,1,0,2,3,3,0,3,0,2,0,0,3,1,2,3,0,0,-1.0661086493179361,494455
0,2,2,2,0,1,0,1,0,2,3,3,3,2,0,2,0,0,3,1,0,2,3,3,-1.0661086493179361,495873
0,2,2,2,1,1,3,3,0,2,3,3,0,2,0,2,0,0,3,1,2,0,3,0,-1.0661086493179361,497416
0,2,2,2,0,0,0,1,0,2,3,3,0,2,0,2,0,0,3,1,2,0,3,3,-1.0661086493179361,498845
0,2,3,2,3,3,3,0,0,0,3,2,1,3,0,1,0,3,3,0,3,1,0,3,-0.3585448741372437,500196
0,2,2,2,0,1,3,0,0,3,3,3,3,2,0,2,0,1,3,1,2,0,1,3,-1.0661086493179361,501524
0,1,2,2,0,0,0,0,0,2,3,3,3,2,0,2,0,0,3,1,0,2,0,3,-0.9059902211767518,502986
0,2,2,2,0,0,1,0,0,2,3,3,0,2,0,2,0,0,3,1,2,0,3,0,-1.0661086493179361,504488
0,2,2,2,0,0,0,1,0,2,3,3,1,2,0,2,0,0,3,1,3,2,0,0,-1.0661086493179361,505914
0,2,2,2,0,3,0,1,0,3,3,3,0,2,0,2,0,1,3,1,2,2,3,0,-1.0661086493179361,507367
0,3,2,2,3,0,0,3,0,2,3,3,0,2,0,1,0,1,3,0,2,0,0,3,-0.46477391904580434,508810
0,2,2,2,0,0,1,1,0,3,3,3,1,2,0,2,0,1,3,1,2,2,0,3,-1.0661086493179361,510211
0,2,2,2,1,1,0,1,0,2,3,3,1,2,0,2,0,0,3,1,0,1,3,3,-1.0661086493179361,511510
0,2,2,2,0,0,1,1,0,2,3,3,1,3,0,2,0,0,3,1,0,0,0,3,-1.0661086493179361,512869
0,2,2,2,1,1,1,0,0,3,3,3,2,2,0,2,0,1,3,1,2,0,3,3,-1.0661086493179361,514166
0,2,2,2,0,0,2,1,0,2,3,3,0,2,0,2,0,0,3,1,0,3,3,3,-1.0661086493179361,515459
0,2,0,3,1,2,3,3,0,1,1,1,3,2,0,3,2,2,1,3,2,1,2,1,-0.02796892116783789,515657
0,2,2,2,0,0,1,0,0,2,3,3,1,2,0,2,0,0,3,1,0,0,0,3,-1.0661086493179361,517002
0,2,2,2,1,0,2,0,0,2,3,3,0,2,0,2,0,0,3,1,0,0,1,3,-1.0661086493179361,518390
0,2,2,2,1,0,0,1,0,3,3,3,0,2,0,2,0,1,3,1,2,1,3,3,-1.0661086493179361,519779
0,2,2,2,1,1,1,0,0,3,3,3,0,2,0,2,0,1,3,1,2,0,3,3,-1.0661086493179361,521145
0,2,2,2,1,0,0,0,0,2,3,3,1,2,0,2,0,0,3,1,3,3,3,3,-1.0661086493179361,522470
3,3,3,0,3,3,3,1,0,0,0,0,0,1,3,1,3,1,0,0,0,0,3,2,-0.3276081896748093,522650
0,2,2,2,0,1,0,1,0,2,3,3,3,2,0,2,0,0,3,1,2,3,0,3,-1.0661086493179361,523969
0,2,2,2,0,1,0,2,0,2,3,3,0,2,0,2,0,0,3,1,2,3,3,0,-1.0661086493179361,525448
0,3,2,1,1,0,0,3,0,0,3,3,0,1,0,3,0,0,0,1,3,3,3,1,-0.7505635303968236,526942
0,2,2,2,0,0,1,0,0,3,3,3,0,2,0,2,0,1,3,1,0,0,3,0,-1.0661086493179361,528549
0,2,2,2,2,0,0,1,0,2,3,3,1,2,0,2,0,0,3,1,0,2,3,3,-1.0661086493179361,529975
0,2,2,2,1,1,0,1,0,3,3,3,0,2,0,2,0,1,3,1,2,3,0,3,-1.0661086493179361,531404
0,2,2,2,2,0,0,2,0,2,3,3,0,3,0,2,0,0,3,0,0,2,3,3,-0.8373576797939999,532981
0,2,2,2,1,0,1,1,0,3,3,3,0,2,0,2,0,1,3,1,2,0,3,3,-1.0661086493179361,534475
0,0,1,0,1,3,0,0,0,3,3,3,3,0,0,2,0,0,0,2,0,2,0,3,-0.7505635303968236,535889
1,2,3,2,0,2,2,0,3,1,3,0,2,1,3,0,2,1,3,2,0,3,3,0,-0.3276081896748093,536090
0,2,2,2,0,0,0,1,0,3,3,3,0,2,0,2,0,1,3,1,3,3,3,3,-1.0661086493179361,537511
2,1,3,1,1,0,0,2,3,2,3,0,3,1,1,2,1,0,0,0,0,2,0,2,-0.3276081896748093,537685
0,2,2,2,1,1,0,1,0,2,3,3,0,2,0,2,0,0,3,1,2,0,0,3,-1.0661086493179361,539160
0,0,0,1,3,2,3,2,1,0,0,3,2,1,2,2,3,2,1,3,0,1,1,0,-0.3276081896748093,539352
0,2,2,2,0,0,1,0,0,2,3,3,2,2,0,2,0,0,3,1,1,3,0,3,-1.0661086493179361,540697
0,2,2,2,1,1,1,1,0,2,3,3,0,2,0,2,0,0,3,1,2,0,3,3,-1.0661086493179361,542153
0,2,2,2,1,1,1,1,0,3,3,3,3,2,0,2,0,1,3,1,2,0,0,3,-1.0661086493179361,543599
0,2,2,2,1,1,1,2,0,3,3,3,3,2,0,2,0,1,3,1,2,0,3,3,-1.0661086493179361,545156
0,1,2,2,0,0,0,1,0,2,3,3,1,3,0,2,0,0,3,1,0,2,3,0,-0.9059902211767518,546635
0,2,2,2,0,0,1,2,0,2,3,3,1,3,0,2,0,0,3,1,0,2,3,0,-1.0661086493179361,548192
0,0,2,2,0,2,3,1,0,2,3,3,3,3,0,2,0,0,3,1,0,2,3,0,-0.7458717930355673,549635
0,2,2,2,0,1,1,1,0,2,3,3,0,2,0,2,0,0,3,1,2,0,3,3,-1.0661086493179361,551107
0,2,2,2,1,1,2,2,0,3,3,3,0,2,0,2,0,1,3,1,0,0,3,3,-1.0661086493179361,552618
1,1,1,0,2,2,0,1,0,2,3,3,2,2,0,2,0,0,3,2,0,3,3,3,-0.302544419465972,554124
0,2,2,2,2,0,0,1,0,2,3,3,1,3,0,2,0,0,3,1,0,2,3,0,-1.0661086493179361,555638
0,2,2,2,1,1,0,2,0,2,3,3,1,2,0,2,0,0,3,1,2,3,3,3,-1.0661086493179361,557249
0,1,1,2,0,0,1,2,2,2,3,3,3,1,0,3,0,0,0,1,0,1,3,0,-0.1904424603038143,558693
0,1,0,2,2,2,3,3,0,1,3,3,2,0,0,3,0,0,3,2,0,2,2,3,-0.46477391904580434,560148
0,2,2,2,0,1,0,2,0,2,3,3,0,2,0,2,0,0,3,1,0,1,0,3,-1.0661086493179361,561642
2,3,0,2,3,1,1,2,3,0,3,1,1,0,2,0,3,2,1,2,0,1,3,0,-0.3276081896748093,561883
0,2,2,3,0,2,1,1,0,2,3,3,1,3,0,2,0,0,3,1,0,2,3,0,-0.8075949294340168,563284
0,2,2,2,0,0,1,1,0,3,3,3,1,2,0,2,0,0,3,1,0,2,0,3,-0.8373576797939999,564622
0,2,2,2,1,1,0,3,0,3,3,3,1,2,0,2,0,1,3,1,2,2,3,3,-1.0661086493179361,565916
0,2,2,2,0,2,0,1,0,2,3,3,3,2,0,2,0,0,3,1,0,2,0,2,-1.0661086493179361,567263
0,2,2,2,1,1,0,0,0,2,3,3,0,2,0,2,0,0,3,1,2,0,3,3,-1.0661086493179361,568636
0,2,2,2,1,1,1,1,0,3,3,3,0,2,0,2,0,1,3,1,2,0,1,3,-1.0661086493179361,569959
0,2,2,2,0,2,0,0,0,3,3,3,0,2,0,2,0,1,3,1,2,3,0,0,-1.0661086493179361,571325
0,2,2,2,0,1,3,1,0,2,3,3,0,2,0,2,0,0,3,1,3,3,3,0,-1.0661086493179361,572642
0,1,3,1,1,0,0,1,0,2,3,3,1,0,0,3,0,2,3,0,0,1,0,3,-0.9059902211767518,574045
0,1,2,2,3,3,0,1,0,0,3,3,0,2,0,2,0,2,0,1,2,0,0,3,-0.7505635303968236,575414
0,2,2,2,3,2,0,1,0,2,3,3,1,3,0,2,0,0,3,1,3,2,3,0,-1.0661086493179361,576695
0,2,2,2,1,1,0,2,0,3,3,3,3,2,0,2,0,1,3,1,2,3,3,3,-1.0661086493179361,578146
0,1,2,2,0,0,0,1,0,0,0,3,0,2,0,2,0,3,2,1,0,3,3,3,-0.5816669689637272,579518
0,2,2,2,0,2,0,3,0,2,3,3,0,2,0,2,0,0,3,1,2,3,3,0,-1.0661086493179361,580855
0,2,2,2,3,3,2,3,2,2,3,3,3,2,0,2,0,0,3,0,0,2,3,1,-0.3046482481147304,582205
0,1,3,1,1,0,1,3,0,0,3,3,1,2,2,3,3,2,3,1,1,2,2,1,-0.172181498894881,583501
0,2,2,2,1,1,0,1,0,3,3,3,3,2,0,2,0,1,3,1,0,0,3,3,-1.0661086493179361,584921
0,1,2,0,0,0,0,1,0,3,3,0,1,2,3,3,0,0,1,3,1,1,0,1,-0.46477391904580434,586478
0,2,1,2,0,1,0,0,0,3,3,3,0,2,0,2,0,1,3,1,0,0,3,0,-0.8373576797939999,587951
0,2,2,2,0,0,1,0,0,2,3,3,0,2,0,2,0,0,3,1,2,1,3,0,-1.0661086493179361,589444
0,2,2,2,1,2,0,1,0,3,3,3,0,2,0,2,0,1,3,1,2,0,3,0,-1.0661086493179361,590911
0,2,2,2,0,0,0,1,0,3,3,3,3,2,0,2,0,1,3,1,2,2,3,3,-1.0661086493179361,592383
0,2,2,2,1,0,2,2,0,2,3,3,3,2,0,2,0,0,3,1,3,0,3,3,-1.0661086493179361,593846
0,2,2,2,1,0,0,1,0,2,3,3,0,2,0,2,0,1,3,1,3,0,3,3,-0.8373576797939999,595344
0,2,2,2,0,0,0,1,0,2,3,3,3,2,0,2,0,0,3,1,3,2,3,3,-1.0661086493179361,596836
0,2,2,2,0,2,0,0,0,2,3,3,3,2,0,2,0,0,3,1,0,0,3,2,-1.0661086493179361,598274
0,2,2,2,0,0,1,1,0,3,3,3,1,2,0,2,0,1,3,1,0,0,3,3,-1.0661086493179361,599710
0,2,2,2,1,1,0,1,0,2,3,3,2,3,0,2,0,0,3,1,0,0,3,3,-1.0661086493179361,601231
0,2,2,2,2,1,2,1,0,2,3,3,0,2,0,2,0,0,3,1,3,0,3,3,-1.0661086493179361,602677
0,1,2,2,3,0,0,1,0,2,3,3,2,0,0,2,0,0,3,1,0,3,2,2,-0.9059902211767518,604166
0,2,2,2,0,1,0,2,0,3,3,3,0,2,0,2,0,1,3,1,0,3,0,3,-1.0661086493179361,605592
0,2,2,2,2,0,1,1,0,2,3,3,0,2,0,2,0,0,3,1,3,0,2,3,-1.0661086493179361,607118
0,2,2,2,3,2,0,1,0,2,3,3,0,3,0,2,0,0,3,1,0,0,0,3,-1.0661086493179361,608600
0,2,2,2,0,0,0,1,0,2,3,3,1,2,0,2,0,0,3,1,3,0,3,3,-1.0661086493179361,610029
0,2,1,1,3,2,1,2,0,0,1,1,1,3,3,1,2,3,0,0,2,0,3,0,-0.08421341539525362,610226
0,2,2,2,1,1,0,1,0,3,3,3,1,2,0,2,0,1,3,1,3,0,3,3,-1.0661086493179361,611609
0,2,2,2,1,0,0,0,0,3,3,3,0,2,0,2,0,1,3,1,2,0,3,0,-1.0661086493179361,612958
0,2,3,2,0,1,0,1,0,2,3,3,0,2,0,2,0,0,3,1,2,3,3,0,-0.8373576797939999,614386
0,2,2,2,1,0,0,2,0,3,3,3,0,2,0,2,0,1,3,1,3,1,2,3,-1.0661086493179361,615801
0,2,2,2,0,2,0,0,0,2,3,3,1,2,0,2,0,0,3,1,2,0,0,0,-1.0661086493179361,617205
2,0,2,0,2,2,1,3,3,3,1,0,2,1,3,1,0,3,1,3,3,0,3,1,-0.3276081896748093,617400
0,1,2,1,1,0,0,0,0,2,0,2,2,0,0,2,0,0,0,3,0,3,3,3,-0.6637693809996471,618765
0,2,2,2,0,2,0,2,0,2,3,3,0,3,0,2,0,0,3,1,0,2,1,3,-1.0661086493179361,620166
0,2,2,2,0,0,3,3,0,2,3,3,3,2,0,2,0,0,3,0,0,0,3,0,-0.8373576797939999,621601
1,3,1,3,0,2,3,2,0,3,2,1,0,3,0,1,0,3,0,2,2,2,2,0,-0.27841054380344177,621787
0,2,2,2,1,0,0,1,0,3,3,3,2,2,0,2,0,1,3,1,2,2,0,3,-1.0661086493179361,623156
0,2,2,2,1,0,1,1,0,2,3,3,3,2,0,2,0,0,3,1,2,3,0,3,-1.0661086493179361,624556
0,2,2,2,0,0,3,1,0,3,3,3,0,2,0,2,0,0,3,1,2,0,3,0,-0.8373576797939999,625929
0,1,2,2,2,0,0,2,0,3,3,3,2,2,0,2,0,0,3,1,1,0,3,2,-0.7505635303968236,627384
0,2,2,2,0,2,0,3,0,2,3,3,0,3,0,2,0,0,3,1,0,3,3,0,-1.0661086493179361,628861
0,2,2,2,1,0,3,1,0,3,3,3,0,2,0,2,0,1,3,1,3,0,3,0,-1.0661086493179361,630314
0,2,2,2,1,0,2,0,0,3,3,3,0,2,0,2,0,1,3,1,2,2,0,3,-1.0661086493179361,631761
0,2,2,2,0,2,0,2,0,2,3,3,1,2,0,2,0,0,3,1,0,3,2,0,-1.0661086493179361,633219
0,2,2,2,0,2,0,1,0,2,3,3,3,2,0,2,0,0,3,1,3,2,3,2,-1.0661086493179361,634608
0,2,2,2,0,3,0,1,0,2,3,3,2,2,0,2,0,0,3,1,0,0,3,0,-1.0661086493179361,636008
0,2,2,2,0,2,0,2,0,3,3,3,0,2,0,2,0,1,3,1,3,3,0,2,-1.0661086493179361,637451
0,2,2,2,0,0,3,1,0,2,3,3,1,2,0,2,0,0,3,1,0,2,3,0,-1.0661086493179361,638891
0,2,2,2,3,1,3,0,0,3,3,3,0,2,0,2,0,1,3,1,2,3,3,0,-1.0661086493179361,640366
0,2,2,2,1,0,0,1,0,3,3,3,1,2,0,2,0,1,3,1,3,0,3,3,-1.0661086493179361,641805
0,2,2,2,2,2,0,1,0,2,3,3,1,2,0,2,0,0,3,1,3,3,0,2,-1.0661086493179361,643351
0,2,2,2,0,0,0,1,0,3,3,3,0,2,0,2,0,1,3,1,2,0,3,0,-1.0661086493179361,644781
0,2,2,2,1,2,0,1,0,2,3,3,3,2,0,2,0,0,3,1,2,2,0,2,-1.0661086493179361,646176
0,2,2,2,1,0,2,2,3,2,3,3,1,2,0,2,0,0,3,1,3,3,1,0,-0.8075949294340168,647648
